{
  "type": "FeatureCollection",
  "features": [
    {
      "type": "Feature",
      "geometry": {
        "type": "Point",
        "coordinates": [
          151.0324092,
          -33.8609122
        ]
      },
      "properties": {
        "name": "Auburn Hospital",
        "state": "",
        "service": "",
        "address": "18/20 Hargrave Rd, Auburn NSW 2144, Australia",
        "phone": "(02) 8759 3000",
        "website": "http://www.wslhd.health.nsw.gov.au/Auburn-Hospital",
        "wheelchair": "",
        "parking": "",
        "source": "dialysis_hospitals.csv",
        "category": "hospital",
        "aboriginal_support": true
      }
    },
    {
      "type": "Feature",
      "geometry": {
        "type": "Point",
        "coordinates": [
          153.5648755,
          -28.863750699999997
        ]
      },
      "properties": {
        "name": "Ballina District Hospital",
        "state": "",
        "service": "",
        "address": "78-92 Cherry St, Ballina NSW 2478, Australia",
        "phone": "(02) 6620 6400",
        "website": "https://nnswlhd.health.nsw.gov.au/about/hospitals/ballina-district-hospital/",
        "wheelchair": "",
        "parking": "",
        "source": "dialysis_hospitals.csv",
        "category": "hospital",
        "home_dialysis_program": true,
        "aboriginal_support": true
      }
    },
    {
      "type": "Feature",
      "geometry": {
        "type": "Point",
        "coordinates": [
          151.0207027,
          -33.933042199999996
        ]
      },
      "properties": {
        "name": "Bankstown Lidcombe Hospital",
        "state": "NSW",
        "service": "Dialysis Unit - Public",
        "address": "Eldridge Rd, Bankstown NSW 2200, Australia",
        "phone": "(02) 9722 8000",
        "website": "https://www.swslhd.health.nsw.gov.au/",
        "wheelchair": "",
        "parking": "",
        "source": "dialysis_hospitals.csv",
        "category": "hospital",
        "home_dialysis_program": true,
        "aboriginal_support": true
      }
    },
    {
      "type": "Feature",
      "geometry": {
        "type": "Point",
        "coordinates": [
          150.91654939999998,
          -33.7759126
        ]
      },
      "properties": {
        "name": "Blacktown Hospital",
        "state": "",
        "service": "",
        "address": "Blacktown Hospital, Outpatient Clinic, Level 2 Blacktown Rd, Blacktown NSW 2148, Australia",
        "phone": "(02) 9881 8000",
        "website": "http://www.wslhd.health.nsw.gov.au/Blacktown-Mount-Druitt-Hospital/Blacktown-Mount-Druitt-Hospital",
        "wheelchair": "",
        "parking": "",
        "source": "dialysis_hospitals.csv",
        "category": "hospital",
        "home_dialysis_program": true,
        "aboriginal_support": true
      }
    },
    {
      "type": "Feature",
      "geometry": {
        "type": "Point",
        "coordinates": [
          145.94806269999998,
          -30.0927312
        ]
      },
      "properties": {
        "name": "Bourke Multi Purpose Service",
        "state": "",
        "service": "",
        "address": "26 Tarcoon St, Bourke NSW 2840, Australia",
        "phone": "(02) 6870 2600",
        "website": "https://www.nsw.gov.au/departments-and-agencies/wnswlhd/service-directory/bourke-health-service",
        "wheelchair": "",
        "parking": "",
        "source": "dialysis_hospitals.csv"
      }
    },
    {
      "type": "Feature",
      "geometry": {
        "type": "Point",
        "coordinates": [
          150.4234368,
          -34.484835499999996
        ]
      },
      "properties": {
        "name": "Bowral and District Hospital",
        "state": "",
        "service": "",
        "address": "97/103 Bowral St, Bowral NSW 2576, Australia",
        "phone": "(02) 4861 0200",
        "website": "https://www.swslhd.health.nsw.gov.au/bowral/",
        "wheelchair": "",
        "parking": "",
        "source": "dialysis_hospitals.csv"
      }
    },
    {
      "type": "Feature",
      "geometry": {
        "type": "Point",
        "coordinates": [
          150.8064283,
          -34.0785815
        ]
      },
      "properties": {
        "name": "Campbelltown Hospital",
        "state": "",
        "service": "",
        "address": "Therry Rd, Campbelltown NSW 2560, Australia",
        "phone": "(02) 4634 3000",
        "website": "https://www.swslhd.health.nsw.gov.au/ccq/",
        "wheelchair": "",
        "parking": "",
        "source": "dialysis_hospitals.csv",
        "category": "hospital",
        "home_dialysis_program": true,
        "aboriginal_support": true
      }
    },
    {
      "type": "Feature",
      "geometry": {
        "type": "Point",
        "coordinates": [
          151.0985197,
          -33.9195525
        ]
      },
      "properties": {
        "name": "Canterbury Hospital",
        "state": "",
        "service": "",
        "address": "575 Canterbury Rd, Campsie NSW 2194, Australia",
        "phone": "(02) 9787 0000",
        "website": "https://slhd.health.nsw.gov.au/canterbury",
        "wheelchair": "",
        "parking": "",
        "source": "dialysis_hospitals.csv"
      }
    },
    {
      "type": "Feature",
      "geometry": {
        "type": "Point",
        "coordinates": [
          145.8253387,
          -31.507908299999997
        ]
      },
      "properties": {
        "name": "Cobar Health Service",
        "state": "",
        "service": "",
        "address": "33 Woodiwiss Ave, Cobar NSW 2835, Australia",
        "phone": "(02) 6879 9500",
        "website": "https://wnswlhd.health.nsw.gov.au/",
        "wheelchair": "",
        "parking": "",
        "source": "dialysis_hospitals.csv"
      }
    },
    {
      "type": "Feature",
      "geometry": {
        "type": "Point",
        "coordinates": [
          148.69230149999999,
          -33.832180099999995
        ]
      },
      "properties": {
        "name": "Cowra Health Service",
        "state": "",
        "service": "",
        "address": "64 Liverpool St, Cowra NSW 2794, Australia",
        "phone": "(02) 5338 5500",
        "website": "https://wnswlhd.health.nsw.gov.au/get-in-touch/enquiries/find-your-health-service",
        "wheelchair": "",
        "parking": "",
        "source": "dialysis_hospitals.csv"
      }
    },
    {
      "type": "Feature",
      "geometry": {
        "type": "Point",
        "coordinates": [
          144.96281969999998,
          -35.5244188
        ]
      },
      "properties": {
        "name": "Deniliquin Health Service",
        "state": "",
        "service": "",
        "address": "411 Charlotte St, Deniliquin NSW 2710, Australia",
        "phone": "(03) 5882 2800",
        "website": "https://www.nsw.gov.au/departments-and-agencies/nsw-health/service-directory/deniliquin-health-service",
        "wheelchair": "",
        "parking": "",
        "source": "dialysis_hospitals.csv"
      }
    },
    {
      "type": "Feature",
      "geometry": {
        "type": "Point",
        "coordinates": [
          148.6211451,
          -32.239117
        ]
      },
      "properties": {
        "name": "Dubbo Health Service - Dubbo Hospital",
        "state": "",
        "service": "",
        "address": "Myall St, Dubbo NSW 2830, Australia",
        "phone": "(02) 6809 6809",
        "website": "",
        "wheelchair": "",
        "parking": "",
        "source": "dialysis_hospitals.csv"
      }
    },
    {
      "type": "Feature",
      "geometry": {
        "type": "Point",
        "coordinates": [
          149.7139135,
          -34.7476051
        ]
      },
      "properties": {
        "name": "Goulburn Base Hospital",
        "state": "",
        "service": "",
        "address": "130 Goldsmith St, Goulburn NSW 2580, Australia",
        "phone": "(02) 4825 4000",
        "website": "https://www.snswlhd.health.nsw.gov.au/our-facilities/goulburn-base-hospital",
        "wheelchair": "",
        "parking": "",
        "source": "dialysis_hospitals.csv",
        "category": "hospital",
        "aboriginal_support": true
      }
    },
    {
      "type": "Feature",
      "geometry": {
        "type": "Point",
        "coordinates": [
          149.7139135,
          -34.7476051
        ]
      },
      "properties": {
        "name": "Goulburn Base Hospital",
        "state": "NSW",
        "service": "Dialysis Unit - Public",
        "address": "130 Goldsmith St, Goulburn NSW 2580, Australia",
        "phone": "(02) 4825 4000",
        "website": "https://www.snswlhd.health.nsw.gov.au/our-facilities/goulburn-base-hospital",
        "wheelchair": "",
        "parking": "",
        "source": "dialysis_hospitals.csv",
        "category": "hospital",
        "home_dialysis_program": true,
        "aboriginal_support": true
      }
    },
    {
      "type": "Feature",
      "geometry": {
        "type": "Point",
        "coordinates": [
          152.9406223,
          -29.675443200000004
        ]
      },
      "properties": {
        "name": "Grafton Base Hospital",
        "state": "",
        "service": "Dialysis Unit - Public",
        "address": "184 Arthur St, Grafton NSW 2460, Australia",
        "phone": "(02) 6640 2222",
        "website": "https://nnswlhd.health.nsw.gov.au/hospitals/grafton-base-hospital",
        "wheelchair": "",
        "parking": "",
        "source": "dialysis_hospitals.csv",
        "category": "hospital",
        "aboriginal_support": true
      }
    },
    {
      "type": "Feature",
      "geometry": {
        "type": "Point",
        "coordinates": [
          146.0435866,
          -34.2821293
        ]
      },
      "properties": {
        "name": "Griffith Base Hospital",
        "state": "",
        "service": "Dialysis Unit - Public",
        "address": "2 Noorebar Avenue, GRIFFITH, NSW, 2680",
        "phone": "(02) 6969 5555",
        "website": "https://www.nsw.gov.au/departments-and-agencies/nsw-health/service-directory/griffith-base-hospital",
        "wheelchair": "",
        "parking": "",
        "source": "dialysis_hospitals.csv",
        "category": "hospital",
        "home_dialysis_program": true,
        "aboriginal_support": true
      }
    },
    {
      "type": "Feature",
      "geometry": {
        "type": "Point",
        "coordinates": [
          151.4625111,
          -33.3658402
        ]
      },
      "properties": {
        "name": "Long Jetty Health Care Centre",
        "state": "",
        "service": "",
        "address": "Wyong Road, Killarney Vale NSW 2261",
        "phone": "",
        "website": "",
        "wheelchair": "",
        "parking": "",
        "source": "dialysis_hospitals.csv",
        "category": "hospital",
        "home_dialysis_program": true,
        "aboriginal_support": true
      }
    },
    {
      "type": "Feature",
      "geometry": {
        "type": "Point",
        "coordinates": [
          151.6051296,
          -32.7593471
        ]
      },
      "properties": {
        "name": "Maitland Hospital",
        "state": "",
        "service": "",
        "address": "51 Metford Rd, Metford NSW 2323, Australia",
        "phone": "(02) 4087 1000",
        "website": "https://www.hnehealth.nsw.gov.au/facilities/hospitals/maitland-hospital",
        "wheelchair": "",
        "parking": "",
        "source": "dialysis_hospitals.csv",
        "category": "hospital",
        "home_dialysis_program": true,
        "aboriginal_support": true
      }
    },
    {
      "type": "Feature",
      "geometry": {
        "type": "Point",
        "coordinates": [
          150.438946,
          -35.31724810000001
        ]
      },
      "properties": {
        "name": "Milton Ulladulla Hospital",
        "state": "",
        "service": "",
        "address": "106 Princes Hwy, Milton NSW 2538, Australia",
        "phone": "(02) 4454 9100",
        "website": "https://www.islhd.health.nsw.gov.au/hospitals/milton-ulladulla-hospital",
        "wheelchair": "",
        "parking": "",
        "source": "dialysis_hospitals.csv",
        "category": "hospital",
        "home_dialysis_program": true,
        "aboriginal_support": true
      }
    },
    {
      "type": "Feature",
      "geometry": {
        "type": "Point",
        "coordinates": [
          151.4625111,
          -33.3658402
        ]
      },
      "properties": {
        "name": "Long Jetty Health Care Centre",
        "state": "NSW",
        "service": "Renal Dialysis",
        "address": "64-68 Wyong Road, Killarney Vale NSW 2261",
        "phone": "02 4336 7700",
        "website": "n/a",
        "wheelchair": "",
        "parking": "",
        "source": "dialysis_hospitals.csv",
        "category": "other"
      }
    },
    {
      "type": "Feature",
      "geometry": {
        "type": "Point",
        "coordinates": [
          150.0704021,
          -35.9041303
        ]
      },
      "properties": {
        "name": "Moruya District Hospital",
        "state": "",
        "service": "",
        "address": "moruya district hospital, 2 River St, Moruya NSW 2537, Australia",
        "phone": "(02) 4475 4000",
        "website": "https://www.snswlhd.health.nsw.gov.au/our-facilities/moruya-eurobodalla-health-service",
        "wheelchair": "",
        "parking": "",
        "source": "dialysis_hospitals.csv"
      }
    },
    {
      "type": "Feature",
      "geometry": {
        "type": "Point",
        "coordinates": [
          149.588244,
          -32.602969699999996
        ]
      },
      "properties": {
        "name": "Mudgee Health Service",
        "state": "",
        "service": "",
        "address": "30 Meares St, Mudgee NSW 2850, Australia",
        "phone": "(02) 6371 9700",
        "website": "http://parking.health.nsw.gov.au/show.html?language=en&name=Mudgee%20Health%20Service",
        "wheelchair": "",
        "parking": "",
        "source": "dialysis_hospitals.csv"
      }
    },
    {
      "type": "Feature",
      "geometry": {
        "type": "Point",
        "coordinates": [
          152.455185,
          -31.910348000000003
        ]
      },
      "properties": {
        "name": "Manning Hospital",
        "state": "NSW",
        "service": "",
        "address": "26 York St, Taree NSW 2430, Australia",
        "phone": "(02) 6592 9111",
        "website": "https://www.hnehealth.nsw.gov.au/facilities/hospitals/manning-hospital",
        "wheelchair": "",
        "parking": "",
        "source": "dialysis_hospitals.csv",
        "category": "hospital",
        "home_dialysis_program": true,
        "aboriginal_support": true
      }
    },
    {
      "type": "Feature",
      "geometry": {
        "type": "Point",
        "coordinates": [
          147.202262,
          -31.561841599999997
        ]
      },
      "properties": {
        "name": "Nyngan Health Service",
        "state": "",
        "service": "",
        "address": "15 Hoskins St, Nyngan NSW 2825, Australia",
        "phone": "(02) 6835 1700",
        "website": "https://www.myhospitals.gov.au/hospital/1157K2180/nyngan-multi-purpose-service",
        "wheelchair": "",
        "parking": "",
        "source": "dialysis_hospitals.csv",
        "category": "hospital",
        "aboriginal_support": true
      }
    },
    {
      "type": "Feature",
      "geometry": {
        "type": "Point",
        "coordinates": [
          150.0704021,
          -35.9041303
        ]
      },
      "properties": {
        "name": "Moruya District Hospital",
        "state": "NSW",
        "service": "Dialysis Unit - Public",
        "address": "moruya district hospital, 2 River St, Moruya NSW 2537, Australia",
        "phone": "(02) 4475 4000",
        "website": "https://www.snswlhd.health.nsw.gov.au/our-facilities/moruya-eurobodalla-health-service",
        "wheelchair": "",
        "parking": "",
        "source": "dialysis_hospitals.csv",
        "category": "hospital",
        "aboriginal_support": true
      }
    },
    {
      "type": "Feature",
      "geometry": {
        "type": "Point",
        "coordinates": [
          151.18538049999998,
          -32.5668857
        ]
      },
      "properties": {
        "name": "Singleton Hospital",
        "state": "",
        "service": "",
        "address": "Dangar Rd, Singleton NSW 2330, Australia",
        "phone": "(02) 6571 9222",
        "website": "http://www.health.nsw.gov.au/",
        "wheelchair": "",
        "parking": "",
        "source": "dialysis_hospitals.csv"
      }
    },
    {
      "type": "Feature",
      "geometry": {
        "type": "Point",
        "coordinates": [
          151.11464469999999,
          -34.0373908
        ]
      },
      "properties": {
        "name": "Sutherland Hospital",
        "state": "",
        "service": "",
        "address": "Kingsway, Caringbah NSW 2229, Australia",
        "phone": "(02) 9540 7111",
        "website": "https://www.seslhd.health.nsw.gov.au/sutherland-hospital",
        "wheelchair": "",
        "parking": "",
        "source": "dialysis_hospitals.csv",
        "category": "other",
        "aboriginal_support": true
      }
    },
    {
      "type": "Feature",
      "geometry": {
        "type": "Point",
        "coordinates": [
          149.0914531,
          -33.3180747
        ]
      },
      "properties": {
        "name": "Orange Health Service",
        "state": "NSW",
        "service": "Haemodialysis (in house, holiday), training for home therapies, supportive care",
        "address": "1530 Forest Road, Orange NSW 2800",
        "phone": "(02) 6369 3000",
        "website": "https://www.nsw.gov.au/departments-and-agencies/wnswlhd/service-directory/orange-health-service",
        "wheelchair": "",
        "parking": "",
        "source": "dialysis_hospitals.csv",
        "category": "other"
      }
    },
    {
      "type": "Feature",
      "geometry": {
        "type": "Point",
        "coordinates": [
          148.9522294,
          -32.5498403
        ]
      },
      "properties": {
        "name": "Wellington Health Service",
        "state": "",
        "service": "",
        "address": "30 Thornton St, Wellington NSW 2820, Australia",
        "phone": "(02) 6845 5500",
        "website": "http://www.myhospitals.gov.au/hospital/wellington-hospital",
        "wheelchair": "",
        "parking": "",
        "source": "dialysis_hospitals.csv",
        "category": "hospital",
        "home_dialysis_program": true,
        "aboriginal_support": true
      }
    },
    {
      "type": "Feature",
      "geometry": {
        "type": "Point",
        "coordinates": [
          150.8413165,
          -34.5590196
        ]
      },
      "properties": {
        "name": "Shellharbour Hospital",
        "state": "NSW",
        "service": "Dialysis Unit - Public",
        "address": "15-17 Madigan Blvd, Mount Warrigal NSW 2528, Australia",
        "phone": "(02) 4295 2500",
        "website": "https://www.islhd.health.nsw.gov.au/hospitals/shellharbour-hospital",
        "wheelchair": "",
        "parking": "",
        "source": "dialysis_hospitals.csv",
        "category": "hospital",
        "aboriginal_support": true
      }
    },
    {
      "type": "Feature",
      "geometry": {
        "type": "Point",
        "coordinates": [
          150.5954369,
          -34.8683428
        ]
      },
      "properties": {
        "name": "Shoalhaven District Memorial Hospital",
        "state": "",
        "service": "Dialysis Unit - Public",
        "address": "2 Scenic Drive, NOWRA, NSW, 2541",
        "phone": "(02) 4423 9500",
        "website": "https://www.islhd.health.nsw.gov.au/hospitals/shoalhaven",
        "wheelchair": "",
        "parking": "",
        "source": "dialysis_hospitals.csv",
        "category": "hospital"
      }
    },
    {
      "type": "Feature",
      "geometry": {
        "type": "Point",
        "coordinates": [
          115.7463598,
          -32.2837409
        ]
      },
      "properties": {
        "name": "Fresenius Kidney Care – Rockingham Dialysis Clinic",
        "state": "WA",
        "service": "",
        "address": "Level 1, 35 McNicholl Street, ROCKINGHAM WA 6168, Australia",
        "phone": "9591 5000",
        "website": "",
        "wheelchair": "",
        "parking": "",
        "source": "dialysis_hospitals.csv"
      }
    },
    {
      "type": "Feature",
      "geometry": {
        "type": "Point",
        "coordinates": [
          115.8082102,
          -31.8891282
        ]
      },
      "properties": {
        "name": "Fresenius Kidney Care – Stirling Dialysis Clinic",
        "state": "WA",
        "service": "",
        "address": "1 Puccini Court, STIRLING WA 6021, Australia",
        "phone": "9440 6333",
        "website": "",
        "wheelchair": "",
        "parking": "",
        "source": "dialysis_hospitals.csv",
        "category": "hospital",
        "home_dialysis_program": true,
        "aboriginal_support": true
      }
    },
    {
      "type": "Feature",
      "geometry": {
        "type": "Point",
        "coordinates": [
          153.0317734,
          -27.3909251
        ]
      },
      "properties": {
        "name": "Chermside Dialysis Centre",
        "state": "QLD",
        "service": "",
        "address": "Ground Floor, 671 Gympie Rd, Chermside QLD 4032",
        "phone": "(07) 3621 4100",
        "website": "https://freseniuskidneycare.au/center-detail/aus1007/?utm_source=gmb&utm_medium=organic&utm_campaign=listing",
        "wheelchair": "",
        "parking": "",
        "source": "dialysis_hospitals.csv"
      }
    },
    {
      "type": "Feature",
      "geometry": {
        "type": "Point",
        "coordinates": [
          153.1416176,
          -27.67014906
        ]
      },
      "properties": {
        "name": "Logan Hospital",
        "state": "QLD",
        "service": "",
        "address": "Cnr Loganlea Rd and Armstrong Rd, Meadowbrook Qld 4131",
        "phone": "(07) 3299 889",
        "website": "https://www.metrosouth.health.qld.gov.au/hospital-and-health-centres/logan-hospital",
        "wheelchair": "",
        "parking": "",
        "source": "dialysis_hospitals.csv",
        "category": "other",
        "aboriginal_support": true
      }
    },
    {
      "type": "Feature",
      "geometry": {
        "type": "Point",
        "coordinates": [
          145.1075164,
          -37.70533138
        ]
      },
      "properties": {
        "name": "Diamond Valley B.Braun Renal Care Centre",
        "state": "VIC",
        "service": "",
        "address": "15 Grimshaw St, Greensborough VIC 3088",
        "phone": "(03) 9432 1616",
        "website": "https://www.bbraun.com.au/en/patient-care/conditions/chronic-kidney-disease/renal-care-centers/greensborough-care-center.html",
        "wheelchair": "",
        "parking": "",
        "source": "dialysis_hospitals.csv"
      }
    },
    {
      "type": "Feature",
      "geometry": {
        "type": "Point",
        "coordinates": [
          130.852699,
          -12.388879
        ]
      },
      "properties": {
        "name": "Nightcliff renal unit",
        "state": "NT",
        "service": "",
        "address": "192 Dick Ward Drive, Nightcliff NT 0810",
        "phone": "(08) 8948 9000",
        "website": "",
        "wheelchair": "",
        "parking": "",
        "source": "dialysis_hospitals.csv"
      }
    },
    {
      "type": "Feature",
      "geometry": {
        "type": "Point",
        "coordinates": [
          131.00401069999998,
          -12.476010599999999
        ]
      },
      "properties": {
        "name": "Palmerston Regional Hospital",
        "state": "NT",
        "service": "",
        "address": "Linco Rd, Holtze NT 0829, Australia",
        "phone": "(08) 7979 9200",
        "website": "https://palmerstonregionalhospital.nt.gov.au/",
        "wheelchair": "",
        "parking": "",
        "source": "dialysis_hospitals.csv",
        "category": "clinic"
      }
    },
    {
      "type": "Feature",
      "geometry": {
        "type": "Point",
        "coordinates": [
          132.2720037,
          -14.439074900000001
        ]
      },
      "properties": {
        "name": "Fresenius Medical Care Dialysis Clinic",
        "state": "NT",
        "service": "",
        "address": "Giles St, Katherine NT 0850, Australia",
        "phone": "(08) 8973 9211",
        "website": "https://nt.gov.au/wellbeing/hospitals-health-services/katherine-hospital",
        "wheelchair": "",
        "parking": "",
        "source": "dialysis_hospitals.csv"
      }
    },
    {
      "type": "Feature",
      "geometry": {
        "type": "Point",
        "coordinates": [
          134.1873859,
          -19.648321400000004
        ]
      },
      "properties": {
        "name": "Tennant Creek Hospital",
        "state": "NT",
        "service": "",
        "address": "45 Schmidt St, Tennant Creek NT 0860, Australia",
        "phone": "(08) 8962 4399",
        "website": "https://nt.gov.au/wellbeing/hospitals-health-services/tennant-creek-hospital",
        "wheelchair": "",
        "parking": "",
        "source": "dialysis_hospitals.csv",
        "category": "clinic"
      }
    },
    {
      "type": "Feature",
      "geometry": {
        "type": "Point",
        "coordinates": [
          130.88245899999998,
          -12.3557603
        ]
      },
      "properties": {
        "name": "Tiwi Islands renal unit",
        "state": "NT",
        "service": "",
        "address": "105 Rocklands Dr, Tiwi NT 0810, Australia",
        "phone": "(08) 8922 8888",
        "website": "https://nt.gov.au/wellbeing/hospitals-health-services/royal-darwin-hospital/introduction",
        "wheelchair": "",
        "parking": "",
        "source": "dialysis_hospitals.csv",
        "category": "clinic"
      }
    },
    {
      "type": "Feature",
      "geometry": {
        "type": "Point",
        "coordinates": [
          133.8623966,
          -23.7101228
        ]
      },
      "properties": {
        "name": "Flynn Drive renal dialysis unit",
        "state": "NT",
        "service": "",
        "address": "10 Flynn Drive, Gillen NT 0870",
        "phone": "(08) 8951 6750",
        "website": "",
        "wheelchair": "",
        "parking": "",
        "source": "dialysis_hospitals.csv"
      }
    },
    {
      "type": "Feature",
      "geometry": {
        "type": "Point",
        "coordinates": [
          133.8786089,
          -23.7063654
        ]
      },
      "properties": {
        "name": "Alice Spring Dialysis Clinic (Fresenius)",
        "state": "NT",
        "service": "",
        "address": "6 Gap Rd, The Gap NT 0870, Australia",
        "phone": "(08) 8951 7777",
        "website": "https://nt.gov.au/wellbeing/hospitals-health-services/alice-springs-hospital",
        "wheelchair": "",
        "parking": "",
        "source": "dialysis_hospitals.csv"
      }
    },
    {
      "type": "Feature",
      "geometry": {
        "type": "Point",
        "coordinates": [
          130.8848932,
          -12.3556964
        ]
      },
      "properties": {
        "name": "Renal Home Therapies",
        "state": "NT",
        "service": "",
        "address": "Building 15, Royal Darwin Hospital Bragg Place, Tiwi NT 0811",
        "phone": "(08) 8922 6486",
        "website": "",
        "wheelchair": "",
        "parking": "",
        "source": "dialysis_hospitals.csv"
      }
    },
    {
      "type": "Feature",
      "geometry": {
        "type": "Point",
        "coordinates": [
          145.7673,
          -16.9116543
        ]
      },
      "properties": {
        "name": "Cairns Hospital",
        "state": "QLD",
        "service": "",
        "address": "178 Lake St, Cairns North QLD 4870, Australia",
        "phone": "",
        "website": "https://www.cairns-hinterland.health.qld.gov.au/hospitals-and-health-centres/cairns-hospital",
        "wheelchair": "",
        "parking": "",
        "source": "clinics.csv",
        "category": "clinic"
      }
    },
    {
      "type": "Feature",
      "geometry": {
        "type": "Point",
        "coordinates": [
          145.7707587,
          -16.9151602
        ]
      },
      "properties": {
        "name": "Cairns Private Hospital",
        "state": "QLD",
        "service": "",
        "address": "1 Upward St, Cairns City QLD 4870, Australia",
        "phone": "(07) 4052 5200",
        "website": "http://www.cairnsph.com.au/",
        "wheelchair": "",
        "parking": "",
        "source": "clinics.csv",
        "category": "hospital"
      }
    },
    {
      "type": "Feature",
      "geometry": {
        "type": "Point",
        "coordinates": [
          153.02825570000002,
          -27.4464737
        ]
      },
      "properties": {
        "name": "Child and Adolescent Renal Service",
        "state": "QLD",
        "service": "",
        "address": "Corner Butterfield Street and, Bowen Bridge Rd, Herston QLD 4006, Australia",
        "phone": "(07) 3646 8111",
        "website": "https://metronorth.health.qld.gov.au/rbwh/",
        "wheelchair": "",
        "parking": "",
        "source": "clinics.csv"
      }
    },
    {
      "type": "Feature",
      "geometry": {
        "type": "Point",
        "coordinates": [
          153.3491104,
          -27.8688857
        ]
      },
      "properties": {
        "name": "Gold Coast Private Hospital",
        "state": "QLD",
        "service": "",
        "address": "Harbour Point, Ste 5, Level 1/8 Santa Barbara Rd, Hope Island QLD 4212, Australia",
        "phone": "(07) 5530 0770",
        "website": "https://goldcoastprivatehospital.com.au/services/specialist-suites",
        "wheelchair": "",
        "parking": "",
        "source": "clinics.csv"
      }
    },
    {
      "type": "Feature",
      "geometry": {
        "type": "Point",
        "coordinates": [
          153.3823395,
          -27.959235
        ]
      },
      "properties": {
        "name": "Gold Coast University Hospital",
        "state": "QLD",
        "service": "",
        "address": "1 Hospital Blvd, Southport QLD 4215, Australia",
        "phone": "1300 744 284",
        "website": "https://www.goldcoast.health.qld.gov.au/hospitals-and-centres/gold-coast-university-hospital",
        "wheelchair": "",
        "parking": "",
        "source": "clinics.csv"
      }
    },
    {
      "type": "Feature",
      "geometry": {
        "type": "Point",
        "coordinates": [
          152.8210861,
          -25.2986132
        ]
      },
      "properties": {
        "name": "Hervey Bay Hospital",
        "state": "QLD",
        "service": "",
        "address": "Cnr Nissen Street, &, 141/169 Urraween Rd, Pialba QLD 4655, Australia",
        "phone": "(07) 4325 6666",
        "website": "https://www.health.qld.gov.au/widebay/our-services-and-facilities/hervey-bay",
        "wheelchair": "",
        "parking": "",
        "source": "clinics.csv",
        "category": "hospital",
        "home_dialysis_program": true,
        "aboriginal_support": true
      }
    },
    {
      "type": "Feature",
      "geometry": {
        "type": "Point",
        "coordinates": [
          152.7592757,
          -27.619309599999998
        ]
      },
      "properties": {
        "name": "Ipswich Hospital",
        "state": "QLD",
        "service": "",
        "address": "Chelmsford Ave, Ipswich QLD 4305, Australia",
        "phone": "(07) 3810 1111",
        "website": "https://www.westmoreton.health.qld.gov.au/hospitals-and-health-centres/ipswich-hospital",
        "wheelchair": "",
        "parking": "",
        "source": "clinics.csv"
      }
    },
    {
      "type": "Feature",
      "geometry": {
        "type": "Point",
        "coordinates": [
          153.4887366,
          -28.1535176
        ]
      },
      "properties": {
        "name": "John Flynn Private Hospital",
        "state": "QLD",
        "service": "",
        "address": "42 Inland Dr, Tugun QLD 4224, Australia",
        "phone": "(07) 5598 9000",
        "website": "http://www.johnflynnprivate.com.au/",
        "wheelchair": "",
        "parking": "",
        "source": "clinics.csv"
      }
    },
    {
      "type": "Feature",
      "geometry": {
        "type": "Point",
        "coordinates": [
          149.1552332,
          -21.146536599999997
        ]
      },
      "properties": {
        "name": "Mackay Base Hospital",
        "state": "QLD",
        "service": "",
        "address": "475 Bridge Rd, Mackay QLD 4740, Australia",
        "phone": "(07) 4885 6000",
        "website": "http://www.mackay.health.qld.gov.au/",
        "wheelchair": "",
        "parking": "",
        "source": "clinics.csv",
        "category": "clinic"
      }
    },
    {
      "type": "Feature",
      "geometry": {
        "type": "Point",
        "coordinates": [
          153.0276366,
          -27.485605
        ]
      },
      "properties": {
        "name": "Mater Hospital, Brisbane",
        "state": "QLD",
        "service": "",
        "address": "Level 5 Raymond Terrace, South Brisbane QLD 4101, Australia",
        "phone": "(07) 3163 1918",
        "website": "http://www.matermothers.org.au/",
        "wheelchair": "",
        "parking": "",
        "source": "clinics.csv"
      }
    },
    {
      "type": "Feature",
      "geometry": {
        "type": "Point",
        "coordinates": [
          139.4931492,
          -20.730655
        ]
      },
      "properties": {
        "name": "Mount Isa Base Hospital",
        "state": "QLD",
        "service": "",
        "address": "30 Camooweal St, Mount Isa City QLD 4825, Australia",
        "phone": "(07) 4744 4444",
        "website": "https://www.health.qld.gov.au/services/northwest/",
        "wheelchair": "",
        "parking": "",
        "source": "clinics.csv",
        "category": "clinic",
        "home_dialysis_program": true,
        "aboriginal_support": true
      }
    },
    {
      "type": "Feature",
      "geometry": {
        "type": "Point",
        "coordinates": [
          152.9569158,
          -26.619625199999998
        ]
      },
      "properties": {
        "name": "Nambour Selangor Private Hospital",
        "state": "QLD",
        "service": "",
        "address": "62 Netherton St, Nambour QLD 4560, Australia",
        "phone": "(07) 5459 7444",
        "website": "http://www.nambourselangor.com.au/",
        "wheelchair": "",
        "parking": "",
        "source": "clinics.csv"
      }
    },
    {
      "type": "Feature",
      "geometry": {
        "type": "Point",
        "coordinates": [
          153.0209777,
          -27.2392016
        ]
      },
      "properties": {
        "name": "North Lakes Dialysis Centre",
        "state": "QLD",
        "service": "",
        "address": "9 Endeavour Blvd, North Lakes QLD 4509, Australia",
        "phone": "",
        "website": "",
        "wheelchair": "",
        "parking": "",
        "source": "clinics.csv",
        "category": "other",
        "aboriginal_support": true
      }
    },
    {
      "type": "Feature",
      "geometry": {
        "type": "Point",
        "coordinates": [
          131.00401069999998,
          -12.476010599999999
        ]
      },
      "properties": {
        "name": "Palmerston Regional Hospital",
        "state": "NT",
        "service": "Dialysis Unit - Public",
        "address": "Linco Rd, Holtze NT 0829, Australia",
        "phone": "(08) 7979 9200",
        "website": "https://palmerstonregionalhospital.nt.gov.au/",
        "wheelchair": "",
        "parking": "",
        "source": "dialysis_hospitals.csv",
        "category": "hospital",
        "aboriginal_support": true
      }
    },
    {
      "type": "Feature",
      "geometry": {
        "type": "Point",
        "coordinates": [
          153.0263687,
          -27.484042199999998
        ]
      },
      "properties": {
        "name": "QLD Kidney Transplant Service",
        "state": "QLD",
        "service": "",
        "address": "501 Stanley St, South Brisbane QLD 4101, Australia",
        "phone": "(07) 3068 1111",
        "website": "http://www.childrens.health.qld.gov.au/home/lcch/",
        "wheelchair": "",
        "parking": "",
        "source": "clinics.csv"
      }
    },
    {
      "type": "Feature",
      "geometry": {
        "type": "Point",
        "coordinates": [
          153.2520892,
          -27.540454099999998
        ]
      },
      "properties": {
        "name": "Redlands Hospital",
        "state": "QLD",
        "service": "",
        "address": "21 Weippin St, Cleveland QLD 4163, Australia",
        "phone": "(07) 3488 3111",
        "website": "https://metrosouth.health.qld.gov.au/redland-hospital",
        "wheelchair": "",
        "parking": "",
        "source": "clinics.csv"
      }
    },
    {
      "type": "Feature",
      "geometry": {
        "type": "Point",
        "coordinates": [
          153.1145603,
          -26.7442419
        ]
      },
      "properties": {
        "name": "Sunshine Coast University Private Hospital",
        "state": "QLD",
        "service": "",
        "address": "6 Doherty St, Birtinya QLD 4575, Australia",
        "phone": "(07) 5202 0000",
        "website": "https://www.sunshinecoast.health.qld.gov.au/hospitals-and-health-centres/sunshine-coast-university-hospital",
        "wheelchair": "",
        "parking": "",
        "source": "clinics.csv"
      }
    },
    {
      "type": "Feature",
      "geometry": {
        "type": "Point",
        "coordinates": [
          152.9978399,
          -27.477755499999997
        ]
      },
      "properties": {
        "name": "The Wesley Hospital Brisbane",
        "state": "QLD",
        "service": "",
        "address": "451 Coronation Dr, Auchenflower QLD 4066, Australia",
        "phone": "(07) 3232 7000",
        "website": "http://wesley.com.au/?utm_medium=organic&utm_source=gmb&utm_campaign=weshos&utm_content=c",
        "wheelchair": "",
        "parking": "",
        "source": "clinics.csv"
      }
    },
    {
      "type": "Feature",
      "geometry": {
        "type": "Point",
        "coordinates": [
          130.8848932,
          -12.3556964
        ]
      },
      "properties": {
        "name": "Renal Home Therapies",
        "state": "NT",
        "service": "Dialysis Unit - Public",
        "address": "Ward 7A Royal Darwin Hospital, TIWI, NT, 811",
        "phone": "(08) 8922 6486",
        "website": "https://nt.gov.au/wellbeing/allied-health/kidney-and-renal-services/royal-darwin-hospital-rental-unit",
        "wheelchair": "",
        "parking": "",
        "source": "dialysis_hospitals.csv",
        "category": "other",
        "home_dialysis_program": true
      }
    },
    {
      "type": "Feature",
      "geometry": {
        "type": "Point",
        "coordinates": [
          141.8668869,
          -12.640929799999999
        ]
      },
      "properties": {
        "name": "Torres & Cape Kidney Health",
        "state": "QLD",
        "service": "",
        "address": "407 John Evans Dr, Trunding QLD 4874, Australia",
        "phone": "(07) 4082 3900",
        "website": "https://www.health.qld.gov.au/services/torres-cape/capeyork_weipa_hosp",
        "wheelchair": "",
        "parking": "",
        "source": "clinics.csv"
      }
    },
    {
      "type": "Feature",
      "geometry": {
        "type": "Point",
        "coordinates": [
          146.7621782,
          -19.3201821
        ]
      },
      "properties": {
        "name": "Townsville University Hospital",
        "state": "QLD",
        "service": "",
        "address": "100 Angus Smith Dr, Douglas QLD 4814, Australia",
        "phone": "(07) 4433 1111",
        "website": "https://www.townsville.health.qld.gov.au/",
        "wheelchair": "",
        "parking": "",
        "source": "clinics.csv",
        "category": "hospital"
      }
    },
    {
      "type": "Feature",
      "geometry": {
        "type": "Point",
        "coordinates": [
          145.7707587,
          -16.9151602
        ]
      },
      "properties": {
        "name": "Cairns Private Hospital",
        "state": "QLD",
        "service": "Dialysis Unit - Private",
        "address": "1 Upward St, Cairns City QLD 4870, Australia",
        "phone": "(07) 4052 5200",
        "website": "http://www.cairnsph.com.au/",
        "wheelchair": "",
        "parking": "",
        "source": "clinics.csv",
        "category": "hospital",
        "aboriginal_support": true
      }
    },
    {
      "type": "Feature",
      "geometry": {
        "type": "Point",
        "coordinates": [
          151.0941647,
          -33.8371192
        ]
      },
      "properties": {
        "name": "Concord Repatriation General Hospital",
        "state": "NSW",
        "service": "",
        "address": "Hospital Rd, Concord NSW 2139, Australia",
        "phone": "(02) 9767 5000",
        "website": "https://www.slhd.nsw.gov.au/concord/",
        "wheelchair": "",
        "parking": "",
        "source": "clinics.csv",
        "category": "other",
        "aboriginal_support": true
      }
    },
    {
      "type": "Feature",
      "geometry": {
        "type": "Point",
        "coordinates": [
          151.339506,
          -33.4201791
        ]
      },
      "properties": {
        "name": "Gosford Hospital",
        "state": "NSW",
        "service": "",
        "address": "75 Holden St, Gosford NSW 2250, Australia",
        "phone": "(02) 4320 2111",
        "website": "http://www.cclhd.health.nsw.gov.au/",
        "wheelchair": "",
        "parking": "",
        "source": "clinics.csv",
        "category": "hospital"
      }
    },
    {
      "type": "Feature",
      "geometry": {
        "type": "Point",
        "coordinates": [
          151.6925059,
          -32.9225887
        ]
      },
      "properties": {
        "name": "John Hunter Hospital",
        "state": "NSW",
        "service": "",
        "address": "Lookout Rd, New Lambton Heights NSW 2305, Australia",
        "phone": "(02) 4921 3000",
        "website": "https://www.nsw.gov.au/departments-and-agencies/nsw-health/service-directory/john-hunter-hospital",
        "wheelchair": "",
        "parking": "",
        "source": "clinics.csv",
        "category": "hospital"
      }
    },
    {
      "type": "Feature",
      "geometry": {
        "type": "Point",
        "coordinates": [
          151.2017751,
          -33.8314588
        ]
      },
      "properties": {
        "name": "Mater Hospital, North Sydney",
        "state": "NSW",
        "service": "",
        "address": "25 Rocklands Rd, Wollstonecraft NSW 2065, Australia",
        "phone": "(02) 9900 7300",
        "website": "https://www.svph.org.au/hospitals/mater",
        "wheelchair": "",
        "parking": "",
        "source": "clinics.csv",
        "category": "hospital"
      }
    },
    {
      "type": "Feature",
      "geometry": {
        "type": "Point",
        "coordinates": [
          152.4316149,
          -31.881691900000003
        ]
      },
      "properties": {
        "name": "Mayo Private Hospital",
        "state": "NSW",
        "service": "",
        "address": "2 Potoroo Dr, Taree NSW 2430, Australia",
        "phone": "(02) 6539 3600",
        "website": "http://www.mayoprivate.com.au/",
        "wheelchair": "",
        "parking": "",
        "source": "clinics.csv"
      }
    },
    {
      "type": "Feature",
      "geometry": {
        "type": "Point",
        "coordinates": [
          150.7137103,
          -33.7592974
        ]
      },
      "properties": {
        "name": "Nepean Hospital",
        "state": "NSW",
        "service": "",
        "address": "Somerset St, Kingswood NSW 2747, Australia",
        "phone": "(02) 4734 2000",
        "website": "https://www.nsw.gov.au/departments-and-agencies/nbmlhd/locations/nepean-hospital",
        "wheelchair": "",
        "parking": "",
        "source": "clinics.csv",
        "category": "hospital"
      }
    },
    {
      "type": "Feature",
      "geometry": {
        "type": "Point",
        "coordinates": [
          149.09395519999998,
          -33.317326699999995
        ]
      },
      "properties": {
        "name": "Orange Health Service",
        "state": "NSW",
        "service": "",
        "address": "1530 Forest Rd, Orange NSW 2800, Australia",
        "phone": "(02) 6369 3000",
        "website": "https://www.nsw.gov.au/health/wnswlhd/service-directory/orange-health-service",
        "wheelchair": "",
        "parking": "",
        "source": "clinics.csv",
        "category": "hospital"
      }
    },
    {
      "type": "Feature",
      "geometry": {
        "type": "Point",
        "coordinates": [
          153.0276366,
          -27.485605
        ]
      },
      "properties": {
        "name": "Mater Hospital, Brisbane",
        "state": "QLD",
        "service": "Haemodialysis, specialised kidney services",
        "address": "Level 5 Raymond Terrace, South Brisbane QLD 4101, Australia",
        "phone": "(07) 3163 1918",
        "website": "https://www.mater.org.au/health-services/our-services/mater-kidney-health-service",
        "wheelchair": "",
        "parking": "",
        "source": "clinics.csv",
        "category": "hospital",
        "aboriginal_support": true
      }
    },
    {
      "type": "Feature",
      "geometry": {
        "type": "Point",
        "coordinates": [
          139.4931492,
          -20.730655
        ]
      },
      "properties": {
        "name": "Mount Isa Base Hospital",
        "state": "QLD",
        "service": "Dialysis Unit - Public",
        "address": "30 Camooweal St, Mount Isa City QLD 4825, Australia",
        "phone": "(07) 4744 4444",
        "website": "https://www.health.qld.gov.au/services/northwest/",
        "wheelchair": "",
        "parking": "",
        "source": "clinics.csv",
        "category": "hospital",
        "home_dialysis_program": true,
        "aboriginal_support": true
      }
    },
    {
      "type": "Feature",
      "geometry": {
        "type": "Point",
        "coordinates": [
          150.9181599,
          -33.7771464
        ]
      },
      "properties": {
        "name": "South West Sydney Renal Service",
        "state": "NSW",
        "service": "",
        "address": "Panorama Parade, Blacktown NSW 2148, Australia",
        "phone": "(02) 8670 8330",
        "website": "",
        "wheelchair": "",
        "parking": "",
        "source": "clinics.csv",
        "category": "clinic",
        "aboriginal_support": true
      }
    },
    {
      "type": "Feature",
      "geometry": {
        "type": "Point",
        "coordinates": [
          153.0332113,
          -27.4988894
        ]
      },
      "properties": {
        "name": "Princess Alexandra Hospital",
        "state": "QLD",
        "service": "Kidney transplant, haemodialysis (home, in house)",
        "address": "199 Ipswich Rd, Woolloongabba QLD 4102, Australia",
        "phone": "(07) 3176 2111",
        "website": "https://www.metrosouth.health.qld.gov.au/services/kidney-services/kidney-services-princess-alexandra-hospital",
        "wheelchair": "",
        "parking": "",
        "source": "clinics.csv",
        "category": "hospital",
        "home_dialysis_program": true,
        "aboriginal_support": true
      }
    },
    {
      "type": "Feature",
      "geometry": {
        "type": "Point",
        "coordinates": [
          153.28733929999999,
          -28.8200338
        ]
      },
      "properties": {
        "name": "St Vincent’s Lismore Private Dialysis Centre",
        "state": "NSW",
        "service": "Dialysis Unit - Private",
        "address": "20 Dalley St, East Lismore NSW 2480, Australia",
        "phone": "(02) 6627 9600",
        "website": "https://svh.org.au/",
        "wheelchair": "",
        "parking": "",
        "source": "clinics.csv",
        "category": "clinic"
      }
    },
    {
      "type": "Feature",
      "geometry": {
        "type": "Point",
        "coordinates": [
          151.09910449999998,
          -33.7332733
        ]
      },
      "properties": {
        "name": "Sydney Adventist Hospital",
        "state": "NSW",
        "service": "",
        "address": "185 Fox Valley Rd, Wahroonga NSW 2076, Australia",
        "phone": "(02) 9480 9111",
        "website": "https://www.sah.org.au/",
        "wheelchair": "",
        "parking": "",
        "source": "clinics.csv"
      }
    },
    {
      "type": "Feature",
      "geometry": {
        "type": "Point",
        "coordinates": [
          150.9251419,
          -31.073597199999995
        ]
      },
      "properties": {
        "name": "Tamworth Hospital",
        "state": "NSW",
        "service": "",
        "address": "31 Dean St, North Tamworth NSW 2340, Australia",
        "phone": "(02) 6767 7700",
        "website": "https://www.hnehealth.nsw.gov.au/facilities/hospitals/tamworth-hospital",
        "wheelchair": "",
        "parking": "",
        "source": "clinics.csv",
        "category": "hospital"
      }
    },
    {
      "type": "Feature",
      "geometry": {
        "type": "Point",
        "coordinates": [
          147.3574933,
          -35.1185555
        ]
      },
      "properties": {
        "name": "Wagga Wagga Base Hospital",
        "state": "NSW",
        "service": "",
        "address": "Edward St, Wagga Wagga NSW 2650, Australia",
        "phone": "(02) 5943 1000",
        "website": "http://www.service.nsw.gov.au/nswgovdirectory/wagga-wagga-base-hospital",
        "wheelchair": "",
        "parking": "",
        "source": "clinics.csv"
      }
    },
    {
      "type": "Feature",
      "geometry": {
        "type": "Point",
        "coordinates": [
          151.9464778,
          -27.5698789
        ]
      },
      "properties": {
        "name": "Toowoomba Hospital",
        "state": "QLD",
        "service": "Dialysis Unit - Public",
        "address": "Private Mail Bag 2, Pechey St, Toowoomba City QLD 4350, Australia",
        "phone": "(07) 4616 6000",
        "website": "https://www.darlingdowns.health.qld.gov.au/hospitals-and-health-centres/toowoomba-hospital",
        "wheelchair": "",
        "parking": "",
        "source": "clinics.csv",
        "category": "hospital",
        "home_dialysis_program": true,
        "aboriginal_support": true
      }
    },
    {
      "type": "Feature",
      "geometry": {
        "type": "Point",
        "coordinates": [
          149.10119899999998,
          -35.346380499999995
        ]
      },
      "properties": {
        "name": "Canberra Hospital",
        "state": "ACT",
        "service": "",
        "address": "Yamba Dr, Garran ACT 2605, Australia",
        "phone": "(02) 5124 0000",
        "website": "https://www.canberrahealthservices.act.gov.au/before,-during-and-after-your-care/staying-at-canberra-hospital",
        "wheelchair": "",
        "parking": "",
        "source": "clinics.csv"
      }
    },
    {
      "type": "Feature",
      "geometry": {
        "type": "Point",
        "coordinates": [
          144.9818979,
          -37.8457479
        ]
      },
      "properties": {
        "name": "Alfred Hospital",
        "state": "VIC",
        "service": "",
        "address": "55 Commercial Rd, Melbourne VIC 3004, Australia",
        "phone": "(03) 9076 2000",
        "website": "http://www.alfredhealth.org.au/the-alfred",
        "wheelchair": "",
        "parking": "",
        "source": "clinics.csv",
        "category": "hospital"
      }
    },
    {
      "type": "Feature",
      "geometry": {
        "type": "Point",
        "coordinates": [
          145.0587533,
          -37.7562478
        ]
      },
      "properties": {
        "name": "Austin Hospital",
        "state": "VIC",
        "service": "",
        "address": "Austin Hospital Tower, 145 Studley Rd, Heidelberg VIC 3084, Australia",
        "phone": "(03) 9496 5000",
        "website": "http://www.austin.org.au/",
        "wheelchair": "",
        "parking": "",
        "source": "clinics.csv"
      }
    },
    {
      "type": "Feature",
      "geometry": {
        "type": "Point",
        "coordinates": [
          151.0941647,
          -33.8371192
        ]
      },
      "properties": {
        "name": "Concord Repatriation General Hospital",
        "state": "NSW",
        "service": "Dialysis Unit - Public",
        "address": "Hospital Rd, Concord NSW 2139, Australia",
        "phone": "(02) 9767 5000",
        "website": "https://www.slhd.nsw.gov.au/concord/",
        "wheelchair": "",
        "parking": "",
        "source": "clinics.csv",
        "category": "hospital",
        "home_dialysis_program": true,
        "aboriginal_support": true
      }
    },
    {
      "type": "Feature",
      "geometry": {
        "type": "Point",
        "coordinates": [
          151.339506,
          -33.4201791
        ]
      },
      "properties": {
        "name": "Gosford Hospital",
        "state": "NSW",
        "service": "Dialysis Unit - Public",
        "address": "75 Holden St, Gosford NSW 2250, Australia",
        "phone": "(02) 4320 2111",
        "website": "http://www.cclhd.health.nsw.gov.au/",
        "wheelchair": "",
        "parking": "",
        "source": "clinics.csv",
        "category": "hospital",
        "home_dialysis_program": true,
        "aboriginal_support": true
      }
    },
    {
      "type": "Feature",
      "geometry": {
        "type": "Point",
        "coordinates": [
          151.6925059,
          -32.9225887
        ]
      },
      "properties": {
        "name": "John Hunter Hospital",
        "state": "NSW",
        "service": "",
        "address": "Lookout Rd, New Lambton Heights NSW 2305, Australia",
        "phone": "(02) 4921 3000",
        "website": "https://www.nsw.gov.au/departments-and-agencies/nsw-health/service-directory/john-hunter-hospital",
        "wheelchair": "",
        "parking": "",
        "source": "clinics.csv",
        "category": "hospital"
      }
    },
    {
      "type": "Feature",
      "geometry": {
        "type": "Point",
        "coordinates": [
          153.2917834,
          -28.8093549
        ]
      },
      "properties": {
        "name": "Lismore Base Hospital",
        "state": "NSW",
        "service": "",
        "address": "60 Uralba St, Lismore NSW 2480, Australia",
        "phone": "(02) 6624 0200",
        "website": "https://nnswlhd.health.nsw.gov.au/hospitals/lismore-base-hospital",
        "wheelchair": "",
        "parking": "",
        "source": "clinics.csv",
        "category": "hospital",
        "home_dialysis_program": true,
        "aboriginal_support": true
      }
    },
    {
      "type": "Feature",
      "geometry": {
        "type": "Point",
        "coordinates": [
          144.9930606,
          -37.8172016
        ]
      },
      "properties": {
        "name": "Epworth Richmond Hospital",
        "state": "VIC",
        "service": "",
        "address": "89 Bridge Rd, Richmond VIC 3121, Australia",
        "phone": "(03) 9426 6666",
        "website": "https://www.epworth.org.au/who-we-are/our-locations/epworth-richmond",
        "wheelchair": "",
        "parking": "",
        "source": "clinics.csv",
        "category": "clinic",
        "aboriginal_support": true
      }
    },
    {
      "type": "Feature",
      "geometry": {
        "type": "Point",
        "coordinates": [
          145.0285605,
          -37.862802699999996
        ]
      },
      "properties": {
        "name": "Malvern Dialysis Centre",
        "state": "VIC",
        "service": "",
        "address": "76 Glenferrie Rd, Malvern VIC 3144, Australia",
        "phone": "(03) 7033 0288",
        "website": "https://familyhealthclinics.com.au/?utm_source=google&utm_medium=GBP+organic&utm_campaign=google_my_business",
        "wheelchair": "",
        "parking": "",
        "source": "clinics.csv",
        "category": "hospital",
        "home_dialysis_program": true,
        "aboriginal_support": true
      }
    },
    {
      "type": "Feature",
      "geometry": {
        "type": "Point",
        "coordinates": [
          145.12333719999998,
          -37.9182558
        ]
      },
      "properties": {
        "name": "Monash Children’s Centre",
        "state": "VIC",
        "service": "",
        "address": "17 Murray St, Clayton VIC 3168, Australia",
        "phone": "(03) 8572 1222",
        "website": "http://www.mcpc.com.au/",
        "wheelchair": "",
        "parking": "",
        "source": "clinics.csv",
        "category": "hospital",
        "aboriginal_support": true
      }
    },
    {
      "type": "Feature",
      "geometry": {
        "type": "Point",
        "coordinates": [
          145.1149958,
          -37.927709199999995
        ]
      },
      "properties": {
        "name": "Monash Medical Centre",
        "state": "VIC",
        "service": "",
        "address": "1361 Centre Rd, Clayton VIC 3168, Australia",
        "phone": "(03) 9562 9222",
        "website": "https://qualitashealth.com.au/our-practices/monash-doctors-surgery/",
        "wheelchair": "",
        "parking": "",
        "source": "clinics.csv"
      }
    },
    {
      "type": "Feature",
      "geometry": {
        "type": "Point",
        "coordinates": [
          150.7137103,
          -33.7592974
        ]
      },
      "properties": {
        "name": "Nepean Hospital",
        "state": "NSW",
        "service": "",
        "address": "Somerset St, Kingswood NSW 2747, Australia",
        "phone": "(02) 4734 2000",
        "website": "https://www.nsw.gov.au/departments-and-agencies/nbmlhd/locations/nepean-hospital",
        "wheelchair": "",
        "parking": "",
        "source": "clinics.csv",
        "category": "hospital"
      }
    },
    {
      "type": "Feature",
      "geometry": {
        "type": "Point",
        "coordinates": [
          149.09395519999998,
          -33.317326699999995
        ]
      },
      "properties": {
        "name": "Orange Health Service",
        "state": "NSW",
        "service": "",
        "address": "1530 Forest Rd, Orange NSW 2800, Australia",
        "phone": "(02) 6369 3000",
        "website": "https://www.nsw.gov.au/health/wnswlhd/service-directory/orange-health-service",
        "wheelchair": "",
        "parking": "",
        "source": "clinics.csv",
        "category": "hospital"
      }
    },
    {
      "type": "Feature",
      "geometry": {
        "type": "Point",
        "coordinates": [
          152.8782913,
          -31.451936500000002
        ]
      },
      "properties": {
        "name": "Port Macquarie Base Hospital",
        "state": "NSW",
        "service": "",
        "address": "Wrights Rd, Port Macquarie NSW 2444, Australia",
        "phone": "(02) 5524 2000",
        "website": "http://mnclhd.health.nsw.gov.au/about/hospitals/port-macquarie-base-hospital/",
        "wheelchair": "",
        "parking": "",
        "source": "clinics.csv",
        "category": "hospital"
      }
    },
    {
      "type": "Feature",
      "geometry": {
        "type": "Point",
        "coordinates": [
          151.19145659999998,
          -33.8215624
        ]
      },
      "properties": {
        "name": "Royal North Shore Hospital",
        "state": "NSW",
        "service": "",
        "address": "Reserve Rd, St Leonards NSW 2065, Australia",
        "phone": "(02) 9926 7111",
        "website": "https://www.nslhd.health.nsw.gov.au/RNSH/Pages/default.aspx",
        "wheelchair": "",
        "parking": "",
        "source": "clinics.csv",
        "category": "hospital"
      }
    },
    {
      "type": "Feature",
      "geometry": {
        "type": "Point",
        "coordinates": [
          144.81627129999998,
          -37.7611305
        ]
      },
      "properties": {
        "name": "Sunshine Private Dialysis Centre Fresenius",
        "state": "VIC",
        "service": "",
        "address": "145-149 Furlong Rd, St Albans VIC 3021, Australia",
        "phone": "",
        "website": "",
        "wheelchair": "",
        "parking": "",
        "source": "clinics.csv",
        "category": "hospital",
        "home_dialysis_program": true,
        "aboriginal_support": true
      }
    },
    {
      "type": "Feature",
      "geometry": {
        "type": "Point",
        "coordinates": [
          151.1331468,
          -33.9677739
        ]
      },
      "properties": {
        "name": "St George Hospital",
        "state": "NSW",
        "service": "",
        "address": "Acute Services Building, Level 4 Gray St, Kogarah NSW 2217, Australia",
        "phone": "(02) 9113 3227",
        "website": "https://stgeorgeicu.com/",
        "wheelchair": "",
        "parking": "",
        "source": "clinics.csv",
        "category": "hospital",
        "custom_tag": "acute"
      }
    },
    {
      "type": "Feature",
      "geometry": {
        "type": "Point",
        "coordinates": [
          144.5579637,
          -37.6869039
        ]
      },
      "properties": {
        "name": "Western Health Service",
        "state": "VIC",
        "service": "Dialysis Unit - Public",
        "address": "195-209 Barries Rd, Melton West VIC 3337, Australia",
        "phone": "(03) 9747 7600",
        "website": "http://www.bmm.wh.org.au/",
        "wheelchair": "",
        "parking": "",
        "source": "clinics.csv",
        "category": "hospital",
        "home_dialysis_program": true,
        "aboriginal_support": true
      }
    },
    {
      "type": "Feature",
      "geometry": {
        "type": "Point",
        "coordinates": [
          153.28733929999999,
          -28.8200338
        ]
      },
      "properties": {
        "name": "St Vincent’s Lismore Private Dialysis Centre",
        "state": "NSW",
        "service": "Dialysis Unit - Private",
        "address": "20 Dalley St, East Lismore NSW 2480, Australia",
        "phone": "(02) 6627 9600",
        "website": "https://svh.org.au/",
        "wheelchair": "",
        "parking": "",
        "source": "clinics.csv",
        "category": "clinic"
      }
    },
    {
      "type": "Feature",
      "geometry": {
        "type": "Point",
        "coordinates": [
          147.3298533,
          -42.880215
        ]
      },
      "properties": {
        "name": "Royal Hobart Hospital",
        "state": "TAS",
        "service": "",
        "address": "48 Liverpool St, Hobart TAS 7000, Australia",
        "phone": "(03) 6166 8308",
        "website": "https://www.health.tas.gov.au/%20hospitals/royal-hobart-hospital",
        "wheelchair": "",
        "parking": "",
        "source": "clinics.csv",
        "category": "hospital"
      }
    },
    {
      "type": "Feature",
      "geometry": {
        "type": "Point",
        "coordinates": [
          138.58724759999998,
          -34.9210245
        ]
      },
      "properties": {
        "name": "Central Adelaide Local Health Network",
        "state": "SA",
        "service": "",
        "address": "Port Rd, Adelaide SA 5000, Australia",
        "phone": "(08) 7074 0000",
        "website": "https://www.rah.sa.gov.au/",
        "wheelchair": "",
        "parking": "",
        "source": "clinics.csv",
        "category": "hospital",
        "home_dialysis_program": true,
        "aboriginal_support": true
      }
    },
    {
      "type": "Feature",
      "geometry": {
        "type": "Point",
        "coordinates": [
          150.9251419,
          -31.073597199999995
        ]
      },
      "properties": {
        "name": "Tamworth Hospital",
        "state": "NSW",
        "service": "",
        "address": "31 Dean St, North Tamworth NSW 2340, Australia",
        "phone": "(02) 6767 7700",
        "website": "https://www.hnehealth.nsw.gov.au/facilities/hospitals/tamworth-hospital",
        "wheelchair": "",
        "parking": "",
        "source": "clinics.csv",
        "category": "hospital"
      }
    },
    {
      "type": "Feature",
      "geometry": {
        "type": "Point",
        "coordinates": [
          150.992002,
          -33.801513299999996
        ]
      },
      "properties": {
        "name": "The Children’s Hospital at Westmead",
        "state": "NSW",
        "service": "",
        "address": "Corner Hawkesbury Road and, Hainsworth St, Westmead NSW 2145, Australia",
        "phone": "(02) 7825 0000",
        "website": "https://www.schn.health.nsw.gov.au/",
        "wheelchair": "",
        "parking": "",
        "source": "clinics.csv",
        "category": "hospital"
      }
    },
    {
      "type": "Feature",
      "geometry": {
        "type": "Point",
        "coordinates": [
          115.84626689999999,
          -32.0703883
        ]
      },
      "properties": {
        "name": "Fiona Stanley Hospital",
        "state": "WA",
        "service": "",
        "address": "11 Robin Warren Dr, Murdoch WA 6150, Australia",
        "phone": "(08) 6152 2222",
        "website": "http://www.fsh.health.wa.gov.au/",
        "wheelchair": "",
        "parking": "",
        "source": "clinics.csv",
        "category": "hospital",
        "home_dialysis_program": true,
        "aboriginal_support": true
      }
    },
    {
      "type": "Feature",
      "geometry": {
        "type": "Point",
        "coordinates": [
          153.56686,
          -28.264356199999998
        ]
      },
      "properties": {
        "name": "Tweed Valley Hospital",
        "state": "NSW",
        "service": "",
        "address": "771 Cudgen Rd, Cudgen NSW 2487, Australia",
        "phone": "(02) 6677 2000",
        "website": "https://nnswlhd.health.nsw.gov.au/hospitals/tweed-valley-hospital",
        "wheelchair": "",
        "parking": "",
        "source": "clinics.csv",
        "category": "hospital"
      }
    },
    {
      "type": "Feature",
      "geometry": {
        "type": "Point",
        "coordinates": [
          147.3574933,
          -35.1185555
        ]
      },
      "properties": {
        "name": "Wagga Wagga Base Hospital",
        "state": "NSW",
        "service": "",
        "address": "Edward St, Wagga Wagga NSW 2650, Australia",
        "phone": "(02) 5943 1000",
        "website": "http://www.service.nsw.gov.au/nswgovdirectory/wagga-wagga-base-hospital",
        "wheelchair": "",
        "parking": "",
        "source": "clinics.csv",
        "category": "hospital",
        "home_dialysis_program": true,
        "aboriginal_support": true
      }
    },
    {
      "type": "Feature",
      "geometry": {
        "type": "Point",
        "coordinates": [
          150.9890393,
          -33.8025118
        ]
      },
      "properties": {
        "name": "Westmead Hospital",
        "state": "NSW",
        "service": "",
        "address": "Cnr Hawkesbury Road, and, Darcy Rd, Westmead NSW 2145, Australia",
        "phone": "(02) 8890 5555",
        "website": "https://www.nsw.gov.au/departments-and-agencies/nsw-health/service-directory/westmead-hospital",
        "wheelchair": "",
        "parking": "",
        "source": "clinics.csv",
        "category": "hospital"
      }
    },
    {
      "type": "Feature",
      "geometry": {
        "type": "Point",
        "coordinates": [
          144.9575316,
          -37.8030109
        ]
      },
      "properties": {
        "name": "John Perrett Kidney Centre (RMH)",
        "state": "VIC",
        "service": "Dialysis Unit - Public",
        "address": "Level 7, 635 Elizabeth Street, MELBOURNE, VIC, 3000",
        "phone": "0391382869",
        "website": "",
        "wheelchair": "",
        "parking": "",
        "source": "locations_info.json",
        "category": "hospital",
        "home_dialysis_program": true,
        "aboriginal_support": true
      }
    },
    {
      "type": "Feature",
      "geometry": {
        "type": "Point",
        "coordinates": [
          149.10119899999998,
          -35.346380499999995
        ]
      },
      "properties": {
        "name": "Canberra Hospital",
        "state": "ACT",
        "service": "Dialysis Unit - Public",
        "address": "Yamba Dr, Garran ACT 2605, Australia",
        "phone": "(02) 5124 0000",
        "website": "https://www.canberrahealthservices.act.gov.au/before,-during-and-after-your-care/staying-at-canberra-hospital",
        "wheelchair": "",
        "parking": "",
        "source": "clinics.csv",
        "category": "hospital",
        "home_dialysis_program": true,
        "aboriginal_support": true
      }
    },
    {
      "type": "Feature",
      "geometry": {
        "type": "Point",
        "coordinates": [
          146.7292909,
          -36.5545207
        ]
      },
      "properties": {
        "name": "Myrtleford Dialysis Unit",
        "state": "VIC",
        "service": "Dialysis Unit - Public",
        "address": "30 O'Donnell Avenue, MYRTLEFORD, VIC, 3737",
        "phone": "0357519323",
        "website": "",
        "wheelchair": "",
        "parking": "",
        "source": "locations_info.json",
        "category": "hospital",
        "home_dialysis_program": true,
        "aboriginal_support": true
      }
    },
    {
      "type": "Feature",
      "geometry": {
        "type": "Point",
        "coordinates": [
          141.6503408,
          -36.33278
        ]
      },
      "properties": {
        "name": "Nhill Dialysis Unit",
        "state": "VIC",
        "service": "Dialysis Unit - Public",
        "address": "West Wimmera Health Service, NHILL, VIC, 3418",
        "phone": "0353914253",
        "website": "",
        "wheelchair": "",
        "parking": "",
        "source": "locations_info.json",
        "category": "hospital",
        "home_dialysis_program": true,
        "aboriginal_support": true
      }
    },
    {
      "type": "Feature",
      "geometry": {
        "type": "Point",
        "coordinates": [
          143.847746,
          -37.557744
        ]
      },
      "properties": {
        "name": "Ballarat Hospital",
        "state": "VIC",
        "service": "Dialysis Unit - Public",
        "address": "101 Drummond St N, Lake Wendouree VIC 3350, Australia",
        "phone": "(03) 5320 2111",
        "website": "https://www.sjog.org.au/our-locations/st-john-of-god-ballarat-hospital",
        "wheelchair": "",
        "parking": "",
        "source": "clinics.csv",
        "category": "hospital",
        "home_dialysis_program": true,
        "aboriginal_support": true
      }
    },
    {
      "type": "Feature",
      "geometry": {
        "type": "Point",
        "coordinates": [
          116.6571775,
          -31.6492419
        ]
      },
      "properties": {
        "name": "Northam Dialysis Clinic - (Fresenius)",
        "state": "WA",
        "service": "Dialysis Unit - Private",
        "address": "50 Robinson Street, NORTHAM, WA, 6401",
        "phone": "0866080844",
        "website": "",
        "wheelchair": "",
        "parking": "",
        "source": "locations_info.json",
        "category": "hospital",
        "home_dialysis_program": true,
        "aboriginal_support": true
      }
    },
    {
      "type": "Feature",
      "geometry": {
        "type": "Point",
        "coordinates": [
          151.5029206,
          -33.2386327
        ]
      },
      "properties": {
        "name": "Lake Haven Lions Satellite Dialysis Unit",
        "state": "NSW",
        "service": "Dialysis Unit - Public",
        "address": "3 Stratford Avenue, CHARMHAVEN, NSW, 2263",
        "phone": "0243931781",
        "website": "",
        "wheelchair": "",
        "parking": "",
        "source": "locations_info.json"
      }
    },
    {
      "type": "Feature",
      "geometry": {
        "type": "Point",
        "coordinates": [
          152.4801209,
          -31.901596
        ]
      },
      "properties": {
        "name": "Nita Reed Dialysis Unit",
        "state": "NSW",
        "service": "Dialysis Unit - Public",
        "address": "56 Chatham Avenue, TAREE, NSW, 2430",
        "phone": "0265929984",
        "website": "",
        "wheelchair": "",
        "parking": "",
        "source": "locations_info.json"
      }
    },
    {
      "type": "Feature",
      "geometry": {
        "type": "Point",
        "coordinates": [
          145.1926451,
          -37.9664581
        ]
      },
      "properties": {
        "name": "South Eastern Private Dialysis Unit",
        "state": "VIC",
        "service": "Dialysis Unit - Private",
        "address": "313-329 Princes Highway, NOBLE PARK, VIC, 3174",
        "phone": "0395496555",
        "website": "",
        "wheelchair": "",
        "parking": "",
        "source": "locations_info.json",
        "category": "hospital"
      }
    },
    {
      "type": "Feature",
      "geometry": {
        "type": "Point",
        "coordinates": [
          151.1087413,
          -33.8679385
        ]
      },
      "properties": {
        "name": "Concord Dialysis Unit (Satellite)",
        "state": "NSW",
        "service": "Dialysis Unit - Public",
        "address": "Level 4 West - Building 5, CONCORD, NSW, 2137",
        "phone": "0297677715",
        "website": "",
        "wheelchair": "",
        "parking": "",
        "source": "locations_info.json",
        "category": "hospital",
        "aboriginal_support": true
      }
    },
    {
      "type": "Feature",
      "geometry": {
        "type": "Point",
        "coordinates": [
          148.6924256,
          -33.8322434
        ]
      },
      "properties": {
        "name": "Cowra Dialysis Unit",
        "state": "NSW",
        "service": "Dialysis Unit - Public",
        "address": "64 Liverpool Street, COWRA, NSW, 2794",
        "phone": "0253385572",
        "website": "",
        "wheelchair": "",
        "parking": "",
        "source": "locations_info.json"
      }
    },
    {
      "type": "Feature",
      "geometry": {
        "type": "Point",
        "coordinates": [
          153.529234,
          -28.2732612
        ]
      },
      "properties": {
        "name": "Tweed Valley Hospital Dialysis Unit",
        "state": "NSW",
        "service": "Dialysis Unit - Public",
        "address": "771 Cudgen Road, CUDGEN, NSW, 2487",
        "phone": "0266773010",
        "website": "",
        "wheelchair": "",
        "parking": "",
        "source": "locations_info.json",
        "category": "other",
        "home_dialysis_program": true,
        "aboriginal_support": true
      }
    },
    {
      "type": "Feature",
      "geometry": {
        "type": "Point",
        "coordinates": [
          138.8700652,
          -35.0817975
        ]
      },
      "properties": {
        "name": "Mount Barker Dialysis Centre",
        "state": "SA",
        "service": "Dialysis Unit - Public",
        "address": "87 Wellington Road, MOUNT BARKER, SA, 5251",
        "phone": "",
        "website": "",
        "wheelchair": "",
        "parking": "",
        "source": "locations_info.json",
        "category": "other"
      }
    },
    {
      "type": "Feature",
      "geometry": {
        "type": "Point",
        "coordinates": [
          150.517224,
          -23.383428
        ]
      },
      "properties": {
        "name": "East Street Self-Care - Rockhampton Community Dialysis",
        "state": "QLD",
        "service": "Dialysis Unit - Public",
        "address": "Corner East St & Archer St, ROCKHAMPTON, QLD, 4700",
        "phone": "",
        "website": "",
        "wheelchair": "",
        "parking": "",
        "source": "locations_info.json"
      }
    },
    {
      "type": "Feature",
      "geometry": {
        "type": "Point",
        "coordinates": [
          153.4943629,
          -28.154399
        ]
      },
      "properties": {
        "name": "Tugun Satellite Dialysis Unit",
        "state": "QLD",
        "service": "Dialysis Unit - Public",
        "address": "57 Boyd Street, TUGUN, QLD, 4224",
        "phone": "0755139310",
        "website": "",
        "wheelchair": "",
        "parking": "",
        "source": "locations_info.json",
        "category": "hospital",
        "home_dialysis_program": true,
        "aboriginal_support": true
      }
    },
    {
      "type": "Feature",
      "geometry": {
        "type": "Point",
        "coordinates": [
          153.0474765,
          -27.5133711
        ]
      },
      "properties": {
        "name": "Henry Dalziel Dialysis Unit - Greenslopes",
        "state": "QLD",
        "service": "Dialysis Unit - Private",
        "address": "101 Newdegate Street, GREENSLOPES, QLD, 4120",
        "phone": "0733947512",
        "website": "",
        "wheelchair": "",
        "parking": "",
        "source": "locations_info.json"
      }
    },
    {
      "type": "Feature",
      "geometry": {
        "type": "Point",
        "coordinates": [
          141.4532185,
          -31.9474928
        ]
      },
      "properties": {
        "name": "Broken Hill Dialysis Unit",
        "state": "NSW",
        "service": "Dialysis Unit - Public",
        "address": "176 Thomas Street, BROKEN HILL, NSW, 2880",
        "phone": "0880801409",
        "website": "",
        "wheelchair": "",
        "parking": "",
        "source": "locations_info.json",
        "category": "hospital",
        "home_dialysis_program": true,
        "aboriginal_support": true
      }
    },
    {
      "type": "Feature",
      "geometry": {
        "type": "Point",
        "coordinates": [
          151.1133313,
          -34.0369407
        ]
      },
      "properties": {
        "name": "Sutherland Satellite Dialysis Unit",
        "state": "NSW",
        "service": "Dialysis Unit - Public",
        "address": "106 Kareena Road, CARINGBAH, NSW, 2229",
        "phone": "0295408663",
        "website": "",
        "wheelchair": "",
        "parking": "",
        "source": "locations_info.json"
      }
    },
    {
      "type": "Feature",
      "geometry": {
        "type": "Point",
        "coordinates": [
          149.1040415,
          -35.3486046
        ]
      },
      "properties": {
        "name": "Canberra Community Dialysis Centre",
        "state": "ACT",
        "service": "Dialysis Unit - Public",
        "address": "Canberra Hospital, GARRAN, ACT, 2605",
        "phone": "0251240000",
        "website": "",
        "wheelchair": "",
        "parking": "",
        "source": "locations_info.json",
        "category": "hospital",
        "home_dialysis_program": true,
        "aboriginal_support": true
      }
    },
    {
      "type": "Feature",
      "geometry": {
        "type": "Point",
        "coordinates": [
          150.597547,
          -34.8671866
        ]
      },
      "properties": {
        "name": "Shoalhaven Satellite Dialysis Unit",
        "state": "NSW",
        "service": "Dialysis Unit - Public",
        "address": "2 Scenic Drive, NOWRA, NSW, 2541",
        "phone": "0244239722",
        "website": "",
        "wheelchair": "",
        "parking": "",
        "source": "locations_info.json",
        "category": "hospital"
      }
    },
    {
      "type": "Feature",
      "geometry": {
        "type": "Point",
        "coordinates": [
          144.5579637,
          -37.6869039
        ]
      },
      "properties": {
        "name": "Western Health Service",
        "state": "VIC",
        "service": "Dialysis Unit - Public",
        "address": "195-209 Barries Rd, Melton West VIC 3337, Australia",
        "phone": "(03) 9747 7600",
        "website": "http://www.bmm.wh.org.au/",
        "wheelchair": "",
        "parking": "",
        "source": "clinics.csv",
        "category": "other"
      }
    },
    {
      "type": "Feature",
      "geometry": {
        "type": "Point",
        "coordinates": [
          150.8295031,
          -33.7640236
        ]
      },
      "properties": {
        "name": "Mount Druitt Community Dialysis Centre",
        "state": "NSW",
        "service": "Dialysis Unit - Public",
        "address": "75 Railway Street, MOUNT DRUITT, NSW, 2770",
        "phone": "0298811479",
        "website": "",
        "wheelchair": "",
        "parking": "",
        "source": "locations_info.json"
      }
    },
    {
      "type": "Feature",
      "geometry": {
        "type": "Point",
        "coordinates": [
          153.3994514,
          -28.3229662
        ]
      },
      "properties": {
        "name": "Murwillumbah Renal Unit",
        "state": "NSW",
        "service": "Dialysis Unit - Public",
        "address": "10 Ewing Street, MURWILLUMBAH, NSW, 2484",
        "phone": "0266720119",
        "website": "",
        "wheelchair": "",
        "parking": "",
        "source": "locations_info.json"
      }
    },
    {
      "type": "Feature",
      "geometry": {
        "type": "Point",
        "coordinates": [
          147.4161336,
          -19.6620336
        ]
      },
      "properties": {
        "name": "Home Hill Satellite Unit Townsville",
        "state": "QLD",
        "service": "Dialysis Unit - Public",
        "address": "Tenth Avenue, HOME HILL, QLD, 4806",
        "phone": "0747905700",
        "website": "",
        "wheelchair": "",
        "parking": "",
        "source": "locations_info.json",
        "category": "other",
        "home_dialysis_program": true,
        "aboriginal_support": true
      }
    },
    {
      "type": "Feature",
      "geometry": {
        "type": "Point",
        "coordinates": [
          145.3685065,
          -16.4637863
        ]
      },
      "properties": {
        "name": "Mossman Dialysis Unit",
        "state": "QLD",
        "service": "Dialysis Unit - Public",
        "address": "9 Hospital Street, MOSSMAN, QLD, 4873",
        "phone": "0740841282",
        "website": "",
        "wheelchair": "",
        "parking": "",
        "source": "locations_info.json",
        "category": "other"
      }
    },
    {
      "type": "Feature",
      "geometry": {
        "type": "Point",
        "coordinates": [
          151.2538033,
          -33.8977037
        ]
      },
      "properties": {
        "name": "War Memorial Hospital Satellite Dialysis EORA Unit",
        "state": "NSW",
        "service": "Dialysis Unit - Public",
        "address": "125 Birrell Street, WAVERLEY, NSW, 2024",
        "phone": "0293690216",
        "website": "",
        "wheelchair": "",
        "parking": "",
        "source": "locations_info.json",
        "category": "hospital",
        "home_dialysis_program": true,
        "aboriginal_support": true
      }
    },
    {
      "type": "Feature",
      "geometry": {
        "type": "Point",
        "coordinates": [
          138.6082004,
          -35.5607387
        ]
      },
      "properties": {
        "name": "Victor Harbour Satellite Dialysis Unit",
        "state": "SA",
        "service": "Dialysis Unit - Public",
        "address": "50 Harbour View Terrace, VICTOR HARBOR, SA, 5211",
        "phone": "0885520531",
        "website": "",
        "wheelchair": "",
        "parking": "",
        "source": "locations_info.json",
        "category": "hospital"
      }
    },
    {
      "type": "Feature",
      "geometry": {
        "type": "Point",
        "coordinates": [
          142.210965,
          -10.5877261
        ]
      },
      "properties": {
        "name": "Thursday Island Satellite Dialysis Unit",
        "state": "QLD",
        "service": "Dialysis Unit - Public",
        "address": "163 Douglas Street, THURSDAY ISLAND, QLD, 4875",
        "phone": "0740306179",
        "website": "",
        "wheelchair": "",
        "parking": "",
        "source": "locations_info.json"
      }
    },
    {
      "type": "Feature",
      "geometry": {
        "type": "Point",
        "coordinates": [
          135.8500892,
          -34.7242734
        ]
      },
      "properties": {
        "name": "Port Lincoln Satellite Dialysis Unit",
        "state": "SA",
        "service": "Dialysis Unit - Public",
        "address": "39 Oxford Terrace, PORT LINCOLN, SA, 5606",
        "phone": "0886832065",
        "website": "",
        "wheelchair": "",
        "parking": "",
        "source": "locations_info.json"
      }
    },
    {
      "type": "Feature",
      "geometry": {
        "type": "Point",
        "coordinates": [
          138.6401507,
          -34.8964623
        ]
      },
      "properties": {
        "name": "Payneham Dialysis Clinic (Fresenius)",
        "state": "SA",
        "service": "Dialysis Unit - Private",
        "address": "350a Payneham Road, PAYNEHAM, SA, 5070",
        "phone": "0881654300",
        "website": "",
        "wheelchair": "",
        "parking": "",
        "source": "locations_info.json"
      }
    },
    {
      "type": "Feature",
      "geometry": {
        "type": "Point",
        "coordinates": [
          138.5334176,
          -34.8832838
        ]
      },
      "properties": {
        "name": "Queen Elizabeth Hospital Dialysis Unit",
        "state": "SA",
        "service": "Dialysis Unit - Public",
        "address": "The Queen Elizabeth Hospital, WOODVILLE, SA, 5011",
        "phone": "0882226349",
        "website": "",
        "wheelchair": "",
        "parking": "",
        "source": "locations_info.json",
        "category": "hospital",
        "home_dialysis_program": true,
        "aboriginal_support": true
      }
    },
    {
      "type": "Feature",
      "geometry": {
        "type": "Point",
        "coordinates": [
          153.3757167,
          -28.0704653
        ]
      },
      "properties": {
        "name": "Robina Gold Coast Dialysis Unit",
        "state": "QLD",
        "service": "Dialysis Unit - Public",
        "address": "2 Bayberry Lane, ROBINA, QLD, 4226",
        "phone": "0756686772",
        "website": "",
        "wheelchair": "",
        "parking": "",
        "source": "locations_info.json"
      }
    },
    {
      "type": "Feature",
      "geometry": {
        "type": "Point",
        "coordinates": [
          144.2144912,
          -35.799984
        ]
      },
      "properties": {
        "name": "Cohuna Dialysis Unit",
        "state": "VIC",
        "service": "Dialysis Unit - Public",
        "address": "144-158 King George Street, COHUNA, VIC, 3568",
        "phone": "0354565300",
        "website": "",
        "wheelchair": "",
        "parking": "",
        "source": "locations_info.json"
      }
    },
    {
      "type": "Feature",
      "geometry": {
        "type": "Point",
        "coordinates": [
          144.1610974,
          -37.3405241
        ]
      },
      "properties": {
        "name": "Daylesford Dialysis Unit",
        "state": "VIC",
        "service": "Dialysis Unit - Public",
        "address": "13 Hospital Street, DAYLESFORD, VIC, 3460",
        "phone": "0353482371",
        "website": "",
        "wheelchair": "",
        "parking": "",
        "source": "locations_info.json"
      }
    },
    {
      "type": "Feature",
      "geometry": {
        "type": "Point",
        "coordinates": [
          145.280778,
          -38.1131203
        ]
      },
      "properties": {
        "name": "Cranbourne Satellite Dialysis Unit",
        "state": "VIC",
        "service": "Dialysis Unit - Public",
        "address": "140-154 Sladen Street, CRANBOURNE, VIC, 3977",
        "phone": "0359906272",
        "website": "",
        "wheelchair": "",
        "parking": "",
        "source": "locations_info.json"
      }
    },
    {
      "type": "Feature",
      "geometry": {
        "type": "Point",
        "coordinates": [
          147.1612096,
          -41.4664448
        ]
      },
      "properties": {
        "name": "Kings Meadows Satellite Renal Unit",
        "state": "TAS",
        "service": "Dialysis Unit - Public",
        "address": "22 Mchugh Street, KINGS MEADOWS, TAS, 7249",
        "phone": "0367771893",
        "website": "",
        "wheelchair": "",
        "parking": "",
        "source": "locations_info.json"
      }
    },
    {
      "type": "Feature",
      "geometry": {
        "type": "Point",
        "coordinates": [
          144.8159736,
          -37.7610717
        ]
      },
      "properties": {
        "name": "Sunshine Dialysis Unit - Fresenius",
        "state": "VIC",
        "service": "Dialysis Unit - Private",
        "address": "Level 1, ST ALBANS, VIC, 3021",
        "phone": "0388510101",
        "website": "",
        "wheelchair": "",
        "parking": "",
        "source": "locations_info.json"
      }
    },
    {
      "type": "Feature",
      "geometry": {
        "type": "Point",
        "coordinates": [
          146.7277988,
          -36.5546322
        ]
      },
      "properties": {
        "name": "Myrtleford Hospital Dialysis Unit",
        "state": "VIC",
        "service": "Dialysis Unit - Public",
        "address": "Myrtleford Memorial Hospital, MYRTLEFORD, VIC, 3737",
        "phone": "0357519323",
        "website": "",
        "wheelchair": "",
        "parking": "",
        "source": "locations_info.json"
      }
    },
    {
      "type": "Feature",
      "geometry": {
        "type": "Point",
        "coordinates": [
          142.9326584,
          -37.2791485
        ]
      },
      "properties": {
        "name": "Ararat Dialysis Unit",
        "state": "VIC",
        "service": "Dialysis Unit - Public",
        "address": "East Grampians Health Service-Ararat, ARARAT, VIC, 3377",
        "phone": "0353529422",
        "website": "",
        "wheelchair": "",
        "parking": "",
        "source": "locations_info.json"
      }
    },
    {
      "type": "Feature",
      "geometry": {
        "type": "Point",
        "coordinates": [
          145.1387513,
          -37.0186725
        ]
      },
      "properties": {
        "name": "Seymour Satellite Dialysis Unit",
        "state": "VIC",
        "service": "Dialysis Unit - Public",
        "address": "Seymour Health, SEYMOUR, VIC, 3660",
        "phone": "0357936178",
        "website": "",
        "wheelchair": "",
        "parking": "",
        "source": "locations_info.json"
      }
    },
    {
      "type": "Feature",
      "geometry": {
        "type": "Point",
        "coordinates": [
          145.2132628,
          -37.9894678
        ]
      },
      "properties": {
        "name": "Monash Home Dialysis Service",
        "state": "VIC",
        "service": "Dialysis Unit - Public",
        "address": "Monash Health Community Health Building, DANDENONG, VIC, 3175",
        "phone": "0397927816",
        "website": "",
        "wheelchair": "",
        "parking": "",
        "source": "locations_info.json"
      }
    },
    {
      "type": "Feature",
      "geometry": {
        "type": "Point",
        "coordinates": [
          144.9464282,
          -37.7785134
        ]
      },
      "properties": {
        "name": "Royal Melbourne Kidney Care Home Dialysis Training",
        "state": "VIC",
        "service": "Dialysis Unit - Public",
        "address": "Royal Melbourne Hospital, Bldg 24 Royal Pk Campus, PARKVILLE, VIC, 3052",
        "phone": "",
        "website": "",
        "wheelchair": "",
        "parking": "",
        "source": "locations_info.json"
      }
    },
    {
      "type": "Feature",
      "geometry": {
        "type": "Point",
        "coordinates": [
          145.0399312,
          -37.7720401
        ]
      },
      "properties": {
        "name": "Heidelberg Repatriation Satellite Dialysis Unit",
        "state": "VIC",
        "service": "Dialysis Unit - Public",
        "address": "Bldg 9 Ward 15 - Heidelberg Repat Hospital, HEIDELBERG, VIC, 3084",
        "phone": "0394962636",
        "website": "",
        "wheelchair": "",
        "parking": "",
        "source": "locations_info.json"
      }
    },
    {
      "type": "Feature",
      "geometry": {
        "type": "Point",
        "coordinates": [
          144.3568523,
          -38.0853473
        ]
      },
      "properties": {
        "name": "Barwon Health North Dialysis Unit",
        "state": "VIC",
        "service": "Dialysis Unit - Public",
        "address": "155 Princes Highway, NORLANE, VIC, 3214",
        "phone": "0342157996",
        "website": "",
        "wheelchair": "",
        "parking": "",
        "source": "locations_info.json"
      }
    },
    {
      "type": "Feature",
      "geometry": {
        "type": "Point",
        "coordinates": [
          143.2466248,
          -36.6095242
        ]
      },
      "properties": {
        "name": "St Arnaud Dialysis Unit",
        "state": "VIC",
        "service": "Dialysis Unit - Public",
        "address": "52 North Western Road, ST ARNAUD, VIC, 3478",
        "phone": "0354772100",
        "website": "",
        "wheelchair": "",
        "parking": "",
        "source": "locations_info.json"
      }
    },
    {
      "type": "Feature",
      "geometry": {
        "type": "Point",
        "coordinates": [
          147.0807907,
          -38.1086964
        ]
      },
      "properties": {
        "name": "Sale Renal Dialysis Unit",
        "state": "VIC",
        "service": "Dialysis Unit - Public",
        "address": "Central Gippsland Health Service, SALE, VIC, 3850",
        "phone": "0351438170",
        "website": "",
        "wheelchair": "",
        "parking": "",
        "source": "locations_info.json"
      }
    },
    {
      "type": "Feature",
      "geometry": {
        "type": "Point",
        "coordinates": [
          145.5808472,
          -38.6087641
        ]
      },
      "properties": {
        "name": "Wonthaggi Satellite Dialysis Unit",
        "state": "VIC",
        "service": "Dialysis Unit - Public",
        "address": "Bass Coast Health, WONTHAGGI, VIC, 3995",
        "phone": "0356713309",
        "website": "",
        "wheelchair": "",
        "parking": "",
        "source": "locations_info.json"
      }
    },
    {
      "type": "Feature",
      "geometry": {
        "type": "Point",
        "coordinates": [
          115.6473491,
          -33.3670885
        ]
      },
      "properties": {
        "name": "Bunbury Satellite Dialysis Unit",
        "state": "WA",
        "service": "Dialysis Unit - Public",
        "address": "St John of God Hospital / SW Health, BUNBURY, WA, 6230",
        "phone": "0897221672",
        "website": "",
        "wheelchair": "",
        "parking": "",
        "source": "locations_info.json"
      }
    },
    {
      "type": "Feature",
      "geometry": {
        "type": "Point",
        "coordinates": [
          114.6108061,
          -28.7827032
        ]
      },
      "properties": {
        "name": "Geraldton Dialysis Unit - GRH",
        "state": "WA",
        "service": "Dialysis Unit - Public",
        "address": "PO Box 22, GERALDTON PO, WA, 6531",
        "phone": "0899562320",
        "website": "",
        "wheelchair": "",
        "parking": "",
        "source": "locations_info.json"
      }
    },
    {
      "type": "Feature",
      "geometry": {
        "type": "Point",
        "coordinates": [
          141.4532185,
          -31.9474928
        ]
      },
      "properties": {
        "name": "Broken Hill Dialysis Unit",
        "state": "NSW",
        "service": "Dialysis Unit - Public",
        "address": "176 Thomas Street, BROKEN HILL, NSW, 2880",
        "phone": "0880801409",
        "website": "https://www.nsw.gov.au/departments-and-agencies/fwlhd/facilities/broken-hill-base-hospital",
        "wheelchair": "",
        "parking": "",
        "source": "locations_info.json",
        "category": "clinic"
      }
    },
    {
      "type": "Feature",
      "geometry": {
        "type": "Point",
        "coordinates": [
          149.0955123,
          -35.3197899
        ]
      },
      "properties": {
        "name": "Yorke Dialysis Clinic - Fresenius",
        "state": "ACT",
        "service": "Dialysis Unit - Private",
        "address": "Calvary Care John James Hospital - Access Nephrology, DEAKIN, ACT, 2600",
        "phone": "0261536600",
        "website": "",
        "wheelchair": "",
        "parking": "",
        "source": "locations_info.json"
      }
    },
    {
      "type": "Feature",
      "geometry": {
        "type": "Point",
        "coordinates": [
          151.1352485,
          -33.9646332
        ]
      },
      "properties": {
        "name": "St George Satellite Dialysis Clinic",
        "state": "NSW",
        "service": "Dialysis Unit - Public",
        "address": "50 Montgomery Street, KOGARAH, NSW, 2217",
        "phone": "0291132622",
        "website": "",
        "wheelchair": "",
        "parking": "",
        "source": "locations_info.json"
      }
    },
    {
      "type": "Feature",
      "geometry": {
        "type": "Point",
        "coordinates": [
          146.0486735,
          -34.2814064
        ]
      },
      "properties": {
        "name": "Griffith Dialysis Unit",
        "state": "NSW",
        "service": "Dialysis Unit - Public",
        "address": "2 Noorebar Avenue, GRIFFITH, NSW, 2680",
        "phone": "0269695543",
        "website": "",
        "wheelchair": "",
        "parking": "",
        "source": "locations_info.json"
      }
    },
    {
      "type": "Feature",
      "geometry": {
        "type": "Point",
        "coordinates": [
          151.2383089,
          -33.9237993
        ]
      },
      "properties": {
        "name": "The Prince of Wales Dialysis Unit",
        "state": "NSW",
        "service": "Dialysis Unit - Public",
        "address": "320-346 Avoca Street, RANDWICK, NSW, 2031",
        "phone": "0293824438",
        "website": "",
        "wheelchair": "",
        "parking": "",
        "source": "locations_info.json"
      }
    },
    {
      "type": "Feature",
      "geometry": {
        "type": "Point",
        "coordinates": [
          153.5456257,
          -28.1771025
        ]
      },
      "properties": {
        "name": "Tweed Dialysis Unit",
        "state": "NSW",
        "service": "Dialysis Unit - Public",
        "address": "16-18 Powell Street, TWEED HEADS, NSW, 2485",
        "phone": "0755067200",
        "website": "",
        "wheelchair": "",
        "parking": "",
        "source": "locations_info.json"
      }
    },
    {
      "type": "Feature",
      "geometry": {
        "type": "Point",
        "coordinates": [
          153.2873535,
          -28.8200321
        ]
      },
      "properties": {
        "name": "Lismore (Nth Coast AHS) PD Unit",
        "state": "NSW",
        "service": "Dialysis Unit - Public",
        "address": "Lismore Base Hospital, LISMORE, NSW",
        "phone": "0266202630",
        "website": "",
        "wheelchair": "",
        "parking": "",
        "source": "locations_info.json"
      }
    },
    {
      "type": "Feature",
      "geometry": {
        "type": "Point",
        "coordinates": [
          150.9261422,
          -33.9226839
        ]
      },
      "properties": {
        "name": "Liverpool Renal Home Therapies Unit",
        "state": "NSW",
        "service": "Dialysis Unit - Public",
        "address": "Suite 14-17 Specialist Medical Centre, Liverpool Hospital, LIVERPOOL, NSW, 2170",
        "phone": "0287384566",
        "website": "",
        "wheelchair": "",
        "parking": "",
        "source": "locations_info.json"
      }
    },
    {
      "type": "Feature",
      "geometry": {
        "type": "Point",
        "coordinates": [
          151.7400482,
          -32.7647683
        ]
      },
      "properties": {
        "name": "Raymond Terrace Satellite Dialysis Unit",
        "state": "NSW",
        "service": "Dialysis Unit - Public",
        "address": "4 Jacaranda Avenue, RAYMOND TERRACE, NSW, 2324",
        "phone": "0249830860",
        "website": "",
        "wheelchair": "",
        "parking": "",
        "source": "locations_info.json"
      }
    },
    {
      "type": "Feature",
      "geometry": {
        "type": "Point",
        "coordinates": [
          151.2479503,
          -23.8517762
        ]
      },
      "properties": {
        "name": "Gladstone Renal Unit",
        "state": "QLD",
        "service": "Dialysis Unit - Public",
        "address": "20 Park Street, GLADSTONE, QLD, 4680",
        "phone": "0749763200",
        "website": "",
        "wheelchair": "",
        "parking": "",
        "source": "locations_info.json"
      }
    },
    {
      "type": "Feature",
      "geometry": {
        "type": "Point",
        "coordinates": [
          153.3838115,
          -27.9618117
        ]
      },
      "properties": {
        "name": "Gold Coast Dialysis Unit",
        "state": "QLD",
        "service": "Dialysis Unit - Public",
        "address": "Block A L3 - Gold Coast University Hospital, SOUTHPORT, QLD, 4215",
        "phone": "0756879427",
        "website": "",
        "wheelchair": "",
        "parking": "",
        "source": "locations_info.json"
      }
    },
    {
      "type": "Feature",
      "geometry": {
        "type": "Point",
        "coordinates": [
          152.6901402,
          -25.5226156
        ]
      },
      "properties": {
        "name": "Maryborough Renal Unit",
        "state": "QLD",
        "service": "Dialysis Unit - Public",
        "address": "185 Walker Street, MARYBOROUGH, QLD, 4650",
        "phone": "0741228590",
        "website": "",
        "wheelchair": "",
        "parking": "",
        "source": "locations_info.json"
      }
    },
    {
      "type": "Feature",
      "geometry": {
        "type": "Point",
        "coordinates": [
          151.8390931,
          -26.5325513
        ]
      },
      "properties": {
        "name": "Kingaroy Renal Unit",
        "state": "QLD",
        "service": "Dialysis Unit - Public",
        "address": "Kingaroy Hospital - South Burnett Renal Unit, KINGAROY, QLD, 4610",
        "phone": "0741629200",
        "website": "",
        "wheelchair": "",
        "parking": "",
        "source": "locations_info.json"
      }
    },
    {
      "type": "Feature",
      "geometry": {
        "type": "Point",
        "coordinates": [
          145.6956266,
          -16.837548
        ]
      },
      "properties": {
        "name": "Smithfield Satellite Dialysis Unit",
        "state": "QLD",
        "service": "Dialysis Unit - Public",
        "address": "16 Danbulan Street, SMITHFIELD, QLD, 4878",
        "phone": "0742266540",
        "website": "",
        "wheelchair": "",
        "parking": "",
        "source": "locations_info.json"
      }
    },
    {
      "type": "Feature",
      "geometry": {
        "type": "Point",
        "coordinates": [
          153.0463226,
          -26.4031431
        ]
      },
      "properties": {
        "name": "Noosa Renal Dialysis Unit",
        "state": "QLD",
        "service": "Dialysis Unit - Private",
        "address": "111 Goodchap Street, NOOSAVILLE, QLD, 4566",
        "phone": "0754559403",
        "website": "",
        "wheelchair": "",
        "parking": "",
        "source": "locations_info.json"
      }
    },
    {
      "type": "Feature",
      "geometry": {
        "type": "Point",
        "coordinates": [
          152.9548632,
          -26.6230726
        ]
      },
      "properties": {
        "name": "Nambour Renal Unit (Sunshine Coast)",
        "state": "QLD",
        "service": "Dialysis Unit - Public",
        "address": "Hospital Rd, NAMBOUR, QLD, 4560",
        "phone": "0754706600",
        "website": "",
        "wheelchair": "",
        "parking": "",
        "source": "locations_info.json"
      }
    },
    {
      "type": "Feature",
      "geometry": {
        "type": "Point",
        "coordinates": [
          153.1196613,
          -26.8005375
        ]
      },
      "properties": {
        "name": "Caloundra Health Service (Renal Unit)",
        "state": "QLD",
        "service": "Dialysis Unit - Public",
        "address": "2B West Terrace, CALOUNDRA, QLD, 4551",
        "phone": "0754368515",
        "website": "",
        "wheelchair": "",
        "parking": "",
        "source": "locations_info.json"
      }
    },
    {
      "type": "Feature",
      "geometry": {
        "type": "Point",
        "coordinates": [
          150.8813812,
          -34.4250589
        ]
      },
      "properties": {
        "name": "Wollongong Dudley St Satellite Dialysis Unit",
        "state": "NSW",
        "service": "Dialysis Unit - Public",
        "address": "3-11 Dudley Street, WOLLONGONG, NSW, 2500",
        "phone": "0242225443",
        "website": "",
        "wheelchair": "",
        "parking": "",
        "source": "locations_info.json"
      }
    },
    {
      "type": "Feature",
      "geometry": {
        "type": "Point",
        "coordinates": [
          130.882459,
          -12.3557603
        ]
      },
      "properties": {
        "name": "Royal Darwin Hospital Renal Unit",
        "state": "NT",
        "service": "Dialysis Unit - Public",
        "address": "105 Rocklands Drive, TIWI, NT, 0810",
        "phone": "0889228400",
        "website": "https://nt.gov.au/wellbeing/hospitals-health-services/royal-darwin-hospital/introduction",
        "wheelchair": "",
        "parking": "",
        "source": "locations_info.json",
        "category": "hospital",
        "home_dialysis_program": true,
        "aboriginal_support": true
      }
    },
    {
      "type": "Feature",
      "geometry": {
        "type": "Point",
        "coordinates": [
          151.946914,
          -27.5702625
        ]
      },
      "properties": {
        "name": "Toowoomba Renal Unit",
        "state": "QLD",
        "service": "Dialysis Unit - Public",
        "address": "13 Pechey Street, SOUTH TOOWOOMBA, QLD, 4350",
        "phone": "0746166167",
        "website": "",
        "wheelchair": "",
        "parking": "",
        "source": "locations_info.json"
      }
    },
    {
      "type": "Feature",
      "geometry": {
        "type": "Point",
        "coordinates": [
          153.030733,
          -27.3818311
        ]
      },
      "properties": {
        "name": "Banfield Kidney Health Dialysis Unit",
        "state": "QLD",
        "service": "Dialysis Unit - Public",
        "address": "Ground Floor, Building 2, Commercial Building, CHERMSIDE, QLD, 4032",
        "phone": "0733308800",
        "website": "",
        "wheelchair": "",
        "parking": "",
        "source": "locations_info.json"
      }
    },
    {
      "type": "Feature",
      "geometry": {
        "type": "Point",
        "coordinates": [
          138.6007456,
          -34.9284989
        ]
      },
      "properties": {
        "name": "Royal Adelaide Haemodialysis Unit",
        "state": "SA",
        "service": "Dialysis Unit - Public",
        "address": "Central Northern Adelaide Renal & Transplantation Services, ADELAIDE, SA, 5000",
        "phone": "0870741538",
        "website": "",
        "wheelchair": "",
        "parking": "",
        "source": "locations_info.json"
      }
    },
    {
      "type": "Feature",
      "geometry": {
        "type": "Point",
        "coordinates": [
          144.2827411,
          -36.7479122
        ]
      },
      "properties": {
        "name": "Bendigo Community Dialysis Unit",
        "state": "VIC",
        "service": "Dialysis Unit - Public",
        "address": "Level 4 Clinical Services Campus, BENDIGO, VIC, 3550",
        "phone": "0354548045",
        "website": "",
        "wheelchair": "",
        "parking": "",
        "source": "locations_info.json"
      }
    },
    {
      "type": "Feature",
      "geometry": {
        "type": "Point",
        "coordinates": [
          145.1301026,
          -38.151209
        ]
      },
      "properties": {
        "name": "Frankston Dialysis Unit",
        "state": "VIC",
        "service": "Dialysis Unit - Public",
        "address": "Frankston Hospital (Peninsular Health) Integrated Health Centre, FRANKSTON, VIC, 3199",
        "phone": "0397847243",
        "website": "",
        "wheelchair": "",
        "parking": "",
        "source": "locations_info.json"
      }
    },
    {
      "type": "Feature",
      "geometry": {
        "type": "Point",
        "coordinates": [
          145.398889,
          -36.3828492
        ]
      },
      "properties": {
        "name": "Goulburn Valley Dialysis Unit",
        "state": "VIC",
        "service": "Dialysis Unit - Public",
        "address": "Shepparton Dialysis Unit, SHEPPARTON, VIC, 3630",
        "phone": "0358310084",
        "website": "",
        "wheelchair": "",
        "parking": "",
        "source": "locations_info.json"
      }
    },
    {
      "type": "Feature",
      "geometry": {
        "type": "Point",
        "coordinates": [
          142.4734465,
          -38.379807
        ]
      },
      "properties": {
        "name": "Warrnambool Dialysis Unit",
        "state": "VIC",
        "service": "Dialysis Unit - Public",
        "address": "Warrnambool Base Hospital, WARRNAMBOOL, VIC, 3280",
        "phone": "0355631460",
        "website": "",
        "wheelchair": "",
        "parking": "",
        "source": "locations_info.json"
      }
    },
    {
      "type": "Feature",
      "geometry": {
        "type": "Point",
        "coordinates": [
          145.0534073,
          -37.8092933
        ]
      },
      "properties": {
        "name": "St Georges Dialysis Unit",
        "state": "VIC",
        "service": "Dialysis Unit - Public",
        "address": "283 Cotham Road, KEW, VIC, 3101",
        "phone": "0392318448",
        "website": "",
        "wheelchair": "",
        "parking": "",
        "source": "locations_info.json"
      }
    },
    {
      "type": "Feature",
      "geometry": {
        "type": "Point",
        "coordinates": [
          142.9763916,
          -36.3664668
        ]
      },
      "properties": {
        "name": "Donald Dialysis Unit",
        "state": "VIC",
        "service": "Dialysis Unit - Public",
        "address": "1A Aitken Avenue, DONALD, VIC, 3480",
        "phone": "0354786200",
        "website": "",
        "wheelchair": "",
        "parking": "",
        "source": "locations_info.json"
      }
    },
    {
      "type": "Feature",
      "geometry": {
        "type": "Point",
        "coordinates": [
          146.6756928,
          -38.5651486
        ]
      },
      "properties": {
        "name": "Yarram Dialysis Unit",
        "state": "VIC",
        "service": "Dialysis Unit - Public",
        "address": "Yarram & District Health Service, YARRAM, VIC, 3971",
        "phone": "0351820222",
        "website": "",
        "wheelchair": "",
        "parking": "",
        "source": "locations_info.json"
      }
    },
    {
      "type": "Feature",
      "geometry": {
        "type": "Point",
        "coordinates": [
          146.0065363,
          -36.0117526
        ]
      },
      "properties": {
        "name": "Yarrawonga District Health Service",
        "state": "VIC",
        "service": "Dialysis Unit - Public",
        "address": "Yarrawonga District Health Service, YARRAWONGA, VIC, 3730",
        "phone": "0357438189",
        "website": "",
        "wheelchair": "",
        "parking": "",
        "source": "locations_info.json",
        "category": "hospital",
        "home_dialysis_program": true,
        "aboriginal_support": true
      }
    },
    {
      "type": "Feature",
      "geometry": {
        "type": "Point",
        "coordinates": [
          145.213127,
          -37.9900443
        ]
      },
      "properties": {
        "name": "Dandenong Satellite Dialysis Unit",
        "state": "VIC",
        "service": "Dialysis Unit - Public",
        "address": "122-138 Thomas Street, DANDENONG, VIC, 3175",
        "phone": "0397927800",
        "website": "",
        "wheelchair": "",
        "parking": "",
        "source": "locations_info.json",
        "category": "clinic",
        "home_dialysis_program": true,
        "aboriginal_support": true
      }
    },
    {
      "type": "Feature",
      "geometry": {
        "type": "Point",
        "coordinates": [
          152.7574652,
          -27.6197168
        ]
      },
      "properties": {
        "name": "Ipswich Hospital Renal Dialysis Unit",
        "state": "QLD",
        "service": "Dialysis Unit - Public",
        "address": "Ipswich Hospital, IPSWICH, QLD, 4305",
        "phone": "",
        "website": "",
        "wheelchair": "",
        "parking": "",
        "source": "locations_info.json",
        "category": "clinic",
        "home_dialysis_program": true
      }
    },
    {
      "type": "Feature",
      "geometry": {
        "type": "Point",
        "coordinates": [
          150.954371,
          -33.7451762
        ]
      },
      "properties": {
        "name": "Norwest B.Braun Renal Care Dialysis Centre",
        "state": "NSW",
        "service": "Dialysis Unit - Private",
        "address": "Suite G1-G2, 11 Norbrik Drive, BELLA VISTA, NSW, 2153",
        "phone": "0288189100",
        "website": "",
        "wheelchair": "",
        "parking": "",
        "source": "locations_info.json",
        "category": "clinic",
        "home_dialysis_program": true,
        "aboriginal_support": true
      }
    },
    {
      "type": "Feature",
      "geometry": {
        "type": "Point",
        "coordinates": [
          151.6949521,
          -32.9699161
        ]
      },
      "properties": {
        "name": "Wansey Dialysis Centre",
        "state": "NSW",
        "service": "Dialysis Unit - Public",
        "address": "1D Dudley Rd, CHARLESTOWN, NSW, 2290",
        "phone": "0249048800",
        "website": "",
        "wheelchair": "",
        "parking": "",
        "source": "locations_info.json"
      }
    },
    {
      "type": "Feature",
      "geometry": {
        "type": "Point",
        "coordinates": [
          152.9407177,
          -29.6734033
        ]
      },
      "properties": {
        "name": "Grafton Dialysis Unit",
        "state": "NSW",
        "service": "Dialysis Unit - Public",
        "address": "184 Arthur Street, GRAFTON, NSW, 2460",
        "phone": "0266418479",
        "website": "",
        "wheelchair": "",
        "parking": "",
        "source": "locations_info.json"
      }
    },
    {
      "type": "Feature",
      "geometry": {
        "type": "Point",
        "coordinates": [
          149.1306564,
          -36.241304
        ]
      },
      "properties": {
        "name": "Cooma Renal Unit",
        "state": "NSW",
        "service": "Dialysis Unit - Public",
        "address": "2A Bent Street, COOMA, NSW, 2630",
        "phone": "0264553388",
        "website": "",
        "wheelchair": "",
        "parking": "",
        "source": "locations_info.json"
      }
    },
    {
      "type": "Feature",
      "geometry": {
        "type": "Point",
        "coordinates": [
          151.129266,
          -29.7706031
        ]
      },
      "properties": {
        "name": "Inverell Dialysis Unit",
        "state": "NSW",
        "service": "Dialysis Unit - Public",
        "address": "41-61 Swanbrook Road, INVERELL, NSW, 2360",
        "phone": "0267219571",
        "website": "",
        "wheelchair": "",
        "parking": "",
        "source": "locations_info.json"
      }
    },
    {
      "type": "Feature",
      "geometry": {
        "type": "Point",
        "coordinates": [
          152.8418039,
          -31.0804831
        ]
      },
      "properties": {
        "name": "Kempsey/Macleay Dialysis Unit",
        "state": "NSW",
        "service": "Dialysis Unit - Public",
        "address": "119 River Street, KEMPSEY, NSW, 2440",
        "phone": "0265620500",
        "website": "",
        "wheelchair": "",
        "parking": "",
        "source": "locations_info.json"
      }
    },
    {
      "type": "Feature",
      "geometry": {
        "type": "Point",
        "coordinates": [
          152.5135656,
          -32.1884176
        ]
      },
      "properties": {
        "name": "Forster Private Hospital (Public Satellite Unit)",
        "state": "NSW",
        "service": "Dialysis Unit - Public",
        "address": "29-41 South Street, FORSTER, NSW, 2428",
        "phone": "0265151900",
        "website": "",
        "wheelchair": "",
        "parking": "",
        "source": "locations_info.json"
      }
    },
    {
      "type": "Feature",
      "geometry": {
        "type": "Point",
        "coordinates": [
          149.7130339,
          -34.747591
        ]
      },
      "properties": {
        "name": "Goulburn Dialysis Unit",
        "state": "NSW",
        "service": "Dialysis Unit - Public",
        "address": "130 Goldsmith Street, GOULBURN, NSW, 2580",
        "phone": "0248254633",
        "website": "",
        "wheelchair": "",
        "parking": "",
        "source": "locations_info.json"
      }
    },
    {
      "type": "Feature",
      "geometry": {
        "type": "Point",
        "coordinates": [
          151.1360291,
          -33.9662259
        ]
      },
      "properties": {
        "name": "St George Hospital PD Unit",
        "state": "NSW",
        "service": "Dialysis Unit - Public",
        "address": "9 South Street, KOGARAH, NSW, 2217",
        "phone": "0291132622",
        "website": "",
        "wheelchair": "",
        "parking": "",
        "source": "locations_info.json",
        "category": "clinic",
        "aboriginal_support": true
      }
    },
    {
      "type": "Feature",
      "geometry": {
        "type": "Point",
        "coordinates": [
          144.9628197,
          -35.5244188
        ]
      },
      "properties": {
        "name": "Deniliquin Renal Satellite Dialysis Unit",
        "state": "NSW",
        "service": "Dialysis Unit - Public",
        "address": "411 Charlotte Street, DENILIQUIN, NSW, 2710",
        "phone": "0358822867",
        "website": "https://www.nsw.gov.au/departments-and-agencies/nsw-health/service-directory/deniliquin-health-service",
        "wheelchair": "",
        "parking": "",
        "source": "locations_info.json",
        "category": "clinic",
        "home_dialysis_program": true,
        "aboriginal_support": true
      }
    },
    {
      "type": "Feature",
      "geometry": {
        "type": "Point",
        "coordinates": [
          152.9835002,
          -30.6397974
        ]
      },
      "properties": {
        "name": "Nambucca Valley Dialysis Unit",
        "state": "NSW",
        "service": "Dialysis Unit - Public",
        "address": "4 Fred Brain Avenue, NAMBUCCA HEADS, NSW, 2448",
        "phone": "0265986120",
        "website": "",
        "wheelchair": "",
        "parking": "",
        "source": "locations_info.json",
        "category": "hospital",
        "home_dialysis_program": true,
        "aboriginal_support": true
      }
    },
    {
      "type": "Feature",
      "geometry": {
        "type": "Point",
        "coordinates": [
          151.4690704,
          -33.3692626
        ]
      },
      "properties": {
        "name": "Long Jetty Renal Unit",
        "state": "NSW",
        "service": "Dialysis Unit - Public",
        "address": "Long Jetty Healthcare Centre, KILLARNEY VALE, NSW, 2261",
        "phone": "0243367920",
        "website": "",
        "wheelchair": "",
        "parking": "",
        "source": "locations_info.json",
        "category": "clinic"
      }
    },
    {
      "type": "Feature",
      "geometry": {
        "type": "Point",
        "coordinates": [
          145.4837545,
          -17.2656964
        ]
      },
      "properties": {
        "name": "Atherton Satellite Dialysis Unit",
        "state": "QLD",
        "service": "Dialysis Unit - Public",
        "address": "48-56 Jack Street, ATHERTON, QLD, 4883",
        "phone": "0740910544",
        "website": "",
        "wheelchair": "",
        "parking": "",
        "source": "locations_info.json",
        "category": "clinic",
        "aboriginal_support": true
      }
    },
    {
      "type": "Feature",
      "geometry": {
        "type": "Point",
        "coordinates": [
          145.7683647,
          -16.9124244
        ]
      },
      "properties": {
        "name": "Cairns Hospital Dialysis Unit",
        "state": "QLD",
        "service": "Dialysis Unit - Public",
        "address": "165-171 Esplanade, CAIRNS NORTH, QLD, 4870",
        "phone": "0742268540",
        "website": "",
        "wheelchair": "",
        "parking": "",
        "source": "locations_info.json",
        "category": "clinic",
        "home_dialysis_program": true,
        "aboriginal_support": true
      }
    },
    {
      "type": "Feature",
      "geometry": {
        "type": "Point",
        "coordinates": [
          145.249746,
          -15.4777773
        ]
      },
      "properties": {
        "name": "Cooktown Renal Service",
        "state": "QLD",
        "service": "Dialysis Unit - Public",
        "address": "48 Hope Street, COOKTOWN, QLD, 4895",
        "phone": "0740430163",
        "website": "",
        "wheelchair": "",
        "parking": "",
        "source": "locations_info.json",
        "category": "clinic",
        "aboriginal_support": true
      }
    },
    {
      "type": "Feature",
      "geometry": {
        "type": "Point",
        "coordinates": [
          152.9978399,
          -27.4777555
        ]
      },
      "properties": {
        "name": "Wesley Renal Dialysis Unit",
        "state": "QLD",
        "service": "Dialysis Unit - Private",
        "address": "451 Coronation Drive, AUCHENFLOWER, QLD, 4066",
        "phone": "0732327281",
        "website": "",
        "wheelchair": "",
        "parking": "",
        "source": "locations_info.json"
      }
    },
    {
      "type": "Feature",
      "geometry": {
        "type": "Point",
        "coordinates": [
          137.6742303,
          -34.3704579
        ]
      },
      "properties": {
        "name": "Maitland Hospital Dialysis Unit (SA)",
        "state": "SA",
        "service": "Dialysis Unit - Public",
        "address": "65 Robert Street, MAITLAND, SA, 5573",
        "phone": "0888321205",
        "website": "",
        "wheelchair": "",
        "parking": "",
        "source": "locations_info.json",
        "category": "clinic",
        "home_dialysis_program": true,
        "aboriginal_support": true
      }
    },
    {
      "type": "Feature",
      "geometry": {
        "type": "Point",
        "coordinates": [
          130.4312584,
          -11.7365444
        ]
      },
      "properties": {
        "name": "Tiwi Dialysis Centre",
        "state": "NT",
        "service": "Dialysis Unit - Public",
        "address": "Top End Renal Service, BATHURST ISLAND, NT, 0822",
        "phone": "0889783659",
        "website": "",
        "wheelchair": "",
        "parking": "",
        "source": "locations_info.json",
        "category": "clinic",
        "home_dialysis_program": true,
        "aboriginal_support": true
      }
    },
    {
      "type": "Feature",
      "geometry": {
        "type": "Point",
        "coordinates": [
          138.614514,
          -33.8295259
        ]
      },
      "properties": {
        "name": "Clare Dialysis Unit CNARTS",
        "state": "SA",
        "service": "Dialysis Unit - Public",
        "address": "47 Farrell Flat Road, CLARE, SA, 5453",
        "phone": "0888426568",
        "website": "",
        "wheelchair": "",
        "parking": "",
        "source": "locations_info.json"
      }
    },
    {
      "type": "Feature",
      "geometry": {
        "type": "Point",
        "coordinates": [
          137.5717516,
          -33.0317957
        ]
      },
      "properties": {
        "name": "Whyalla Hospital Renal Dialysis Unit",
        "state": "SA",
        "service": "Dialysis Unit - Public",
        "address": "Whyalla Hospital, WHYALLA, SA, 5600",
        "phone": "0886488453",
        "website": "",
        "wheelchair": "",
        "parking": "",
        "source": "locations_info.json"
      }
    },
    {
      "type": "Feature",
      "geometry": {
        "type": "Point",
        "coordinates": [
          140.787012,
          -37.8049902
        ]
      },
      "properties": {
        "name": "Mount Gambier Dialysis Unit",
        "state": "SA",
        "service": "Dialysis Unit - Public",
        "address": "276-300 Wehl Street North, MOUNT GAMBIER, SA, 5290",
        "phone": "0887211486",
        "website": "",
        "wheelchair": "",
        "parking": "",
        "source": "locations_info.json"
      }
    },
    {
      "type": "Feature",
      "geometry": {
        "type": "Point",
        "coordinates": [
          134.1875246,
          -19.6467859
        ]
      },
      "properties": {
        "name": "Tennant Creek Dialysis Unit",
        "state": "NT",
        "service": "Dialysis Unit - Public",
        "address": "45 Schmidt Street, TENNANT CREEK, NT, 0860",
        "phone": "0889624399",
        "website": "",
        "wheelchair": "",
        "parking": "",
        "source": "locations_info.json"
      }
    },
    {
      "type": "Feature",
      "geometry": {
        "type": "Point",
        "coordinates": [
          143.5828752,
          -38.3409565
        ]
      },
      "properties": {
        "name": "Colac Satellite Dialysis Unit",
        "state": "VIC",
        "service": "Dialysis Unit - Public",
        "address": "2-28 Connor Street, COLAC, VIC, 3250",
        "phone": "0352325100",
        "website": "",
        "wheelchair": "",
        "parking": "",
        "source": "locations_info.json"
      }
    },
    {
      "type": "Feature",
      "geometry": {
        "type": "Point",
        "coordinates": [
          145.1640108,
          -37.8523607
        ]
      },
      "properties": {
        "name": "Peter James Centre Dialysis Unit",
        "state": "VIC",
        "service": "Dialysis Unit - Public",
        "address": "Peter James Centre - Eastern Health, BURWOOD EAST, VIC, 3151",
        "phone": "0398811156",
        "website": "",
        "wheelchair": "",
        "parking": "",
        "source": "locations_info.json"
      }
    },
    {
      "type": "Feature",
      "geometry": {
        "type": "Point",
        "coordinates": [
          142.14321,
          -34.18507
        ]
      },
      "properties": {
        "name": "Mildura Dialysis Unit",
        "state": "VIC",
        "service": "Dialysis Unit - Public",
        "address": "Mildura Base Hospital PO Box 620, MILDURA, VIC, 3500",
        "phone": "0350223278",
        "website": "",
        "wheelchair": "",
        "parking": "",
        "source": "locations_info.json"
      }
    },
    {
      "type": "Feature",
      "geometry": {
        "type": "Point",
        "coordinates": [
          144.7479603,
          -36.1391581
        ]
      },
      "properties": {
        "name": "Echuca Regional Health Dialysis Unit",
        "state": "VIC",
        "service": "Dialysis Unit - Public",
        "address": "Cancer & Wellness Centre, ECHUCA, VIC, 3564",
        "phone": "0354855239",
        "website": "",
        "wheelchair": "",
        "parking": "",
        "source": "locations_info.json"
      }
    },
    {
      "type": "Feature",
      "geometry": {
        "type": "Point",
        "coordinates": [
          141.6051897,
          -38.3412033
        ]
      },
      "properties": {
        "name": "Portland District Health Dialysis Unit",
        "state": "VIC",
        "service": "Dialysis Unit - Public",
        "address": "Portland District Health, PORTLAND, VIC, 3305",
        "phone": "0355210570",
        "website": "",
        "wheelchair": "",
        "parking": "",
        "source": "locations_info.json"
      }
    },
    {
      "type": "Feature",
      "geometry": {
        "type": "Point",
        "coordinates": [
          132.2976449,
          -14.467084
        ]
      },
      "properties": {
        "name": "Katherine Dialysis Unit - (Fresenius)",
        "state": "NT",
        "service": "Dialysis Unit - Private",
        "address": "122 Casuarina Street, KATHERINE EAST, NT, 0850",
        "phone": "0879056300",
        "website": "",
        "wheelchair": "",
        "parking": "",
        "source": "locations_info.json"
      }
    },
    {
      "type": "Feature",
      "geometry": {
        "type": "Point",
        "coordinates": [
          144.9644327,
          -37.741002
        ]
      },
      "properties": {
        "name": "Coburg Satellite Dialysis Centre",
        "state": "VIC",
        "service": "Dialysis Unit - Public",
        "address": "130 Bell Street, COBURG, VIC, 3058",
        "phone": "0391382000",
        "website": "",
        "wheelchair": "",
        "parking": "",
        "source": "locations_info.json"
      }
    },
    {
      "type": "Feature",
      "geometry": {
        "type": "Point",
        "coordinates": [
          146.0865084,
          -37.0576048
        ]
      },
      "properties": {
        "name": "Mansfield Dialysis Unit",
        "state": "VIC",
        "service": "Dialysis Unit - Public",
        "address": "Mansfield District Hospital, MANSFIELD, VIC, 3722",
        "phone": "0357758874",
        "website": "",
        "wheelchair": "",
        "parking": "",
        "source": "locations_info.json",
        "category": "clinic",
        "home_dialysis_program": true,
        "aboriginal_support": true
      }
    },
    {
      "type": "Feature",
      "geometry": {
        "type": "Point",
        "coordinates": [
          147.6077859,
          -37.8312086
        ]
      },
      "properties": {
        "name": "Bairnsdale Regional Health Service Dialysis Unit",
        "state": "VIC",
        "service": "Dialysis Unit - Public",
        "address": "122 Day Street, BAIRNSDALE, VIC, 3875",
        "phone": "0351503425",
        "website": "",
        "wheelchair": "",
        "parking": "",
        "source": "locations_info.json",
        "category": "hospital",
        "home_dialysis_program": true,
        "aboriginal_support": true
      }
    },
    {
      "type": "Feature",
      "geometry": {
        "type": "Point",
        "coordinates": [
          144.4699027,
          -37.2542601
        ]
      },
      "properties": {
        "name": "Kyneton Dialysis Unit",
        "state": "VIC",
        "service": "Dialysis Unit - Public",
        "address": "7-25 Caroline Chisholm Drive, KYNETON, VIC, 3444",
        "phone": "0354229981",
        "website": "",
        "wheelchair": "",
        "parking": "",
        "source": "locations_info.json"
      }
    },
    {
      "type": "Feature",
      "geometry": {
        "type": "Point",
        "coordinates": [
          147.295687,
          -42.8562558
        ]
      },
      "properties": {
        "name": "Royal Hobart Hospital Nephrology - Renal Unit",
        "state": "TAS",
        "service": "Dialysis Unit - Public",
        "address": "Level 3 Carruthers Building, St. John's Park, NEW TOWN, TAS, 7008",
        "phone": "0361661440",
        "website": "",
        "wheelchair": "",
        "parking": "",
        "source": "locations_info.json",
        "category": "hospital",
        "home_dialysis_program": true,
        "aboriginal_support": true
      }
    },
    {
      "type": "Feature",
      "geometry": {
        "type": "Point",
        "coordinates": [
          144.9126818,
          -37.6844814
        ]
      },
      "properties": {
        "name": "Broadmeadows Satellite Dialysis Unit",
        "state": "VIC",
        "service": "Dialysis Unit - Public",
        "address": "35 Johnstone Street, JACANA, VIC, 3047",
        "phone": "0384052802",
        "website": "",
        "wheelchair": "",
        "parking": "",
        "source": "locations_info.json"
      }
    },
    {
      "type": "Feature",
      "geometry": {
        "type": "Point",
        "coordinates": [
          138.6007456,
          -34.9284989
        ]
      },
      "properties": {
        "name": "Royal Adelaide Haemodialysis Unit",
        "state": "SA",
        "service": "Dialysis Unit - Public",
        "address": "Central Northern Adelaide Renal & Transplantation Services, ADELAIDE, SA, 5000",
        "phone": "0870741538",
        "website": "https://www.rah.sa.gov.au/",
        "wheelchair": "",
        "parking": "",
        "source": "locations_info.json",
        "category": "clinic",
        "home_dialysis_program": true,
        "aboriginal_support": true
      }
    },
    {
      "type": "Feature",
      "geometry": {
        "type": "Point",
        "coordinates": [
          142.9108851,
          -38.2404416
        ]
      },
      "properties": {
        "name": "Terang Dialysis Unit",
        "state": "VIC",
        "service": "Dialysis Unit - Public",
        "address": "13 Austin Avenue, TERANG, VIC, 3264",
        "phone": "0355920247",
        "website": "",
        "wheelchair": "",
        "parking": "",
        "source": "locations_info.json"
      }
    },
    {
      "type": "Feature",
      "geometry": {
        "type": "Point",
        "coordinates": [
          144.8978312,
          -37.7238239
        ]
      },
      "properties": {
        "name": "Essendon Fields Satellite Dialysis Centre",
        "state": "VIC",
        "service": "Dialysis Unit - Public",
        "address": "230 Wirraway Road, ESSENDON FIELDS, VIC, 3041",
        "phone": "0393774222",
        "website": "",
        "wheelchair": "",
        "parking": "",
        "source": "locations_info.json"
      }
    },
    {
      "type": "Feature",
      "geometry": {
        "type": "Point",
        "coordinates": [
          145.026475,
          -37.6376748
        ]
      },
      "properties": {
        "name": "Northern Health Epping HD Training Unit",
        "state": "VIC",
        "service": "Dialysis Unit - Private",
        "address": "Epping Medical & Specialist Centre, EPPING, VIC, 3076",
        "phone": "0384058297",
        "website": "",
        "wheelchair": "",
        "parking": "",
        "source": "locations_info.json"
      }
    },
    {
      "type": "Feature",
      "geometry": {
        "type": "Point",
        "coordinates": [
          144.9784894,
          -37.7983606
        ]
      },
      "properties": {
        "name": "St Vincent's Community Dialysis Unit",
        "state": "VIC",
        "service": "Dialysis Unit - Public",
        "address": "St Vincent's Hospital, Melbourne, FITZROY, VIC, 3065",
        "phone": "0392884100",
        "website": "",
        "wheelchair": "",
        "parking": "",
        "source": "locations_info.json",
        "category": "home dialysis program"
      }
    },
    {
      "type": "Feature",
      "geometry": {
        "type": "Point",
        "coordinates": [
          145.9278279,
          -38.172926
        ]
      },
      "properties": {
        "name": "Warragul West Gippsland Health Dialysis Unit",
        "state": "VIC",
        "service": "Dialysis Unit - Public",
        "address": "41 Landsborough Street, WARRAGUL, VIC, 3820",
        "phone": "0356230885",
        "website": "",
        "wheelchair": "",
        "parking": "",
        "source": "locations_info.json"
      }
    },
    {
      "type": "Feature",
      "geometry": {
        "type": "Point",
        "coordinates": [
          122.2303589,
          -17.9610491
        ]
      },
      "properties": {
        "name": "Broome Renal Health Centre",
        "state": "WA",
        "service": "Dialysis Unit - Public",
        "address": "Broome Renal Health Centre, BROOME, WA, 6725",
        "phone": "0891918600",
        "website": "",
        "wheelchair": "",
        "parking": "",
        "source": "locations_info.json",
        "category": "hospital",
        "aboriginal_support": true
      }
    },
    {
      "type": "Feature",
      "geometry": {
        "type": "Point",
        "coordinates": [
          113.6569297,
          -24.8838884
        ]
      },
      "properties": {
        "name": "Carnarvon Dialysis Unit",
        "state": "WA",
        "service": "Dialysis Unit - Public",
        "address": "20 Cleaver Street, CARNARVON, WA, 6701",
        "phone": "0899416652",
        "website": "",
        "wheelchair": "",
        "parking": "",
        "source": "locations_info.json",
        "category": "clinic",
        "home_dialysis_program": true,
        "aboriginal_support": true
      }
    },
    {
      "type": "Feature",
      "geometry": {
        "type": "Point",
        "coordinates": [
          128.7362033,
          -15.7665224
        ]
      },
      "properties": {
        "name": "Kununurra Dialysis Unit",
        "state": "WA",
        "service": "Dialysis Unit - Public",
        "address": "Kununurra Renal Health Centre, KUNUNURRA, WA, 6743",
        "phone": "0891664400",
        "website": "",
        "wheelchair": "",
        "parking": "",
        "source": "locations_info.json"
      }
    },
    {
      "type": "Feature",
      "geometry": {
        "type": "Point",
        "coordinates": [
          153.5644351,
          -28.8631822
        ]
      },
      "properties": {
        "name": "Ballina Hospital Renal Unit",
        "state": "NSW",
        "service": "Dialysis Unit - Public",
        "address": "78-92 Cherry Street, BALLINA, NSW, 2478",
        "phone": "0266206182",
        "website": "",
        "wheelchair": "",
        "parking": "",
        "source": "locations_info.json",
        "category": "clinic",
        "home_dialysis_program": true,
        "aboriginal_support": true
      }
    },
    {
      "type": "Feature",
      "geometry": {
        "type": "Point",
        "coordinates": [
          149.5722696,
          -33.4061851
        ]
      },
      "properties": {
        "name": "Bathurst Base Hospital Dialysis Unit",
        "state": "NSW",
        "service": "Dialysis Unit - Public",
        "address": "363 Howick Street, WEST BATHURST, NSW, 2795",
        "phone": "0263305346",
        "website": "",
        "wheelchair": "",
        "parking": "",
        "source": "locations_info.json"
      }
    },
    {
      "type": "Feature",
      "geometry": {
        "type": "Point",
        "coordinates": [
          148.3877543,
          -30.964666
        ]
      },
      "properties": {
        "name": "Coonamble Dialysis Unit - Limited Care Unit",
        "state": "NSW",
        "service": "Dialysis Unit - Public",
        "address": "150 Castlereagh Street, COONAMBLE, NSW, 2829",
        "phone": "0268271100",
        "website": "",
        "wheelchair": "",
        "parking": "",
        "source": "locations_info.json"
      }
    },
    {
      "type": "Feature",
      "geometry": {
        "type": "Point",
        "coordinates": [
          0.0,
          0.0
        ]
      },
      "properties": {
        "name": "Auburn Community Dialysis Unit",
        "state": "NSW",
        "service": "Dialysis Unit - Public",
        "address": "L4 Hargarve & Norval Road, AUBURN, NSW, 2144",
        "phone": "0287593797",
        "website": "",
        "wheelchair": "",
        "parking": "",
        "source": "locations_info.json",
        "category": "clinic",
        "home_dialysis_program": true,
        "aboriginal_support": true
      }
    },
    {
      "type": "Feature",
      "geometry": {
        "type": "Point",
        "coordinates": [
          151.1348375,
          -33.9666131
        ]
      },
      "properties": {
        "name": "St George Hospital Haemodialysis Unit",
        "state": "NSW",
        "service": "Dialysis Unit - Public",
        "address": "Level 4, West, KOGARAH, NSW, 2217",
        "phone": "0291131141",
        "website": "",
        "wheelchair": "",
        "parking": "",
        "source": "locations_info.json"
      }
    },
    {
      "type": "Feature",
      "geometry": {
        "type": "Point",
        "coordinates": [
          151.2331949,
          -33.7510335
        ]
      },
      "properties": {
        "name": "Northern Beaches Dialysis Unit",
        "state": "NSW",
        "service": "Dialysis Unit - Public",
        "address": "105 Frenchs Forest Road West, FRENCHS FOREST, NSW, 2086",
        "phone": "0291055080",
        "website": "",
        "wheelchair": "",
        "parking": "",
        "source": "locations_info.json"
      }
    },
    {
      "type": "Feature",
      "geometry": {
        "type": "Point",
        "coordinates": [
          151.0185923,
          -33.9467452
        ]
      },
      "properties": {
        "name": "Bankstown Renal Dialysis Unit",
        "state": "NSW",
        "service": "Dialysis Unit - Public",
        "address": "8 Haddon Crescent, REVESBY, NSW",
        "phone": "0297228624",
        "website": "",
        "wheelchair": "",
        "parking": "",
        "source": "locations_info.json"
      }
    },
    {
      "type": "Feature",
      "geometry": {
        "type": "Point",
        "coordinates": [
          150.9179595,
          -33.9285567
        ]
      },
      "properties": {
        "name": "Liverpool Private Dialysis Centre - Fresenius",
        "state": "NSW",
        "service": "Dialysis Unit - Private",
        "address": "Level 2, LIVERPOOL, NSW, 2170",
        "phone": "0290437600",
        "website": "https://freseniuskidneycare.au/center-detail/aus1031/?utm_source=gmb&utm_medium=organic&utm_campaign=listing",
        "wheelchair": "",
        "parking": "",
        "source": "locations_info.json",
        "category": "clinic"
      }
    },
    {
      "type": "Feature",
      "geometry": {
        "type": "Point",
        "coordinates": [
          148.9517984,
          -32.5498523
        ]
      },
      "properties": {
        "name": "Wellington Satellite Dialysis Unit",
        "state": "NSW",
        "service": "Dialysis Unit - Public",
        "address": "30 Thornton Street, WELLINGTON, NSW, 2820",
        "phone": "0268455500",
        "website": "",
        "wheelchair": "",
        "parking": "",
        "source": "locations_info.json"
      }
    },
    {
      "type": "Feature",
      "geometry": {
        "type": "Point",
        "coordinates": [
          153.0332209,
          -27.4990044
        ]
      },
      "properties": {
        "name": "Princess Alexandra Haemodialysis Unit",
        "state": "QLD",
        "service": "Dialysis Unit - Public",
        "address": "199 Ipswich Road, WOOLLOONGABBA, QLD, 4102",
        "phone": "0731761120",
        "website": "",
        "wheelchair": "",
        "parking": "",
        "source": "locations_info.json"
      }
    },
    {
      "type": "Feature",
      "geometry": {
        "type": "Point",
        "coordinates": [
          153.0327021,
          -27.4988887
        ]
      },
      "properties": {
        "name": "Princess Alexandra Hospital Home Training Haemodialysis Unit",
        "state": "QLD",
        "service": "Dialysis Unit - Public",
        "address": "Princess Alexandra Hospital, WOOLLOONGABBA, QLD, 4102",
        "phone": "0731762111",
        "website": "",
        "wheelchair": "",
        "parking": "",
        "source": "locations_info.json"
      }
    },
    {
      "type": "Feature",
      "geometry": {
        "type": "Point",
        "coordinates": [
          144.0847926,
          -22.575197
        ]
      },
      "properties": {
        "name": "Princess Alexandra Hospital Predialysis Clinic",
        "state": "QLD",
        "service": "Dialysis Unit - Public",
        "address": "Princess Alexandra Hospital - Nephrology, WOOLLOONGABBA, QLD",
        "phone": "07 3176 7489",
        "website": "",
        "wheelchair": "",
        "parking": "",
        "source": "locations_info.json"
      }
    },
    {
      "type": "Feature",
      "geometry": {
        "type": "Point",
        "coordinates": [
          151.935866,
          -27.539684
        ]
      },
      "properties": {
        "name": "St Andrews Toowoomba B.Braun Dialysis Clinic",
        "state": "QLD",
        "service": "Dialysis Unit - Private",
        "address": "266 North Street, ROCKVILLE, QLD, 4350",
        "phone": "0746340855",
        "website": "http://www.sath.org.au/",
        "wheelchair": "",
        "parking": "",
        "source": "locations_info.json",
        "category": "hospital",
        "home_dialysis_program": true,
        "aboriginal_support": true
      }
    },
    {
      "type": "Feature",
      "geometry": {
        "type": "Point",
        "coordinates": [
          146.8122284,
          -19.2529631
        ]
      },
      "properties": {
        "name": "North Ward Satellite Dialysis Unit Townsville",
        "state": "QLD",
        "service": "Dialysis Unit - Public",
        "address": "35 Gregory Street, NORTH WARD, QLD, 4810",
        "phone": "0744339340",
        "website": "",
        "wheelchair": "",
        "parking": "",
        "source": "locations_info.json"
      }
    },
    {
      "type": "Feature",
      "geometry": {
        "type": "Point",
        "coordinates": [
          137.7743496,
          -32.4935661
        ]
      },
      "properties": {
        "name": "Port Augusta Satellite Dialysis Unit",
        "state": "SA",
        "service": "Dialysis Unit - Public",
        "address": "71 Hospital Road, PORT AUGUSTA, SA, 5700",
        "phone": "0886687737",
        "website": "",
        "wheelchair": "",
        "parking": "",
        "source": "locations_info.json"
      }
    },
    {
      "type": "Feature",
      "geometry": {
        "type": "Point",
        "coordinates": [
          138.0086102,
          -33.1773056
        ]
      },
      "properties": {
        "name": "Port Pirie Satellite Dialysis Unit",
        "state": "SA",
        "service": "Dialysis Unit - Public",
        "address": "Port Pirie Regional Hospital, PORT PIRIE, SA, 5540",
        "phone": "0886384937",
        "website": "",
        "wheelchair": "",
        "parking": "",
        "source": "locations_info.json"
      }
    },
    {
      "type": "Feature",
      "geometry": {
        "type": "Point",
        "coordinates": [
          138.7552317,
          -34.5932481
        ]
      },
      "properties": {
        "name": "Gawler Dialysis Unit",
        "state": "SA",
        "service": "Dialysis Unit - Public",
        "address": "21 Hutchinson Road, GAWLER EAST, SA, 5118",
        "phone": "0885228511",
        "website": "",
        "wheelchair": "",
        "parking": "",
        "source": "locations_info.json"
      }
    },
    {
      "type": "Feature",
      "geometry": {
        "type": "Point",
        "coordinates": [
          141.8664726,
          -12.6409685
        ]
      },
      "properties": {
        "name": "Weipa Satellite Dialysis Unit",
        "state": "QLD",
        "service": "Dialysis Unit - Public",
        "address": "Lot 407 John Evans Drive, TRUNDING, QLD, 4874",
        "phone": "0740306179",
        "website": "",
        "wheelchair": "",
        "parking": "",
        "source": "locations_info.json"
      }
    },
    {
      "type": "Feature",
      "geometry": {
        "type": "Point",
        "coordinates": [
          151.1847943,
          -32.5677527
        ]
      },
      "properties": {
        "name": "Singleton Satellite Dialysis Unit",
        "state": "NSW",
        "service": "Dialysis Unit - Public",
        "address": "25 Dangar Road, SINGLETON, NSW, 2330",
        "phone": "0265719321",
        "website": "http://www.health.nsw.gov.au/",
        "wheelchair": "",
        "parking": "",
        "source": "locations_info.json",
        "category": "clinic"
      }
    },
    {
      "type": "Feature",
      "geometry": {
        "type": "Point",
        "coordinates": [
          148.4655867,
          -37.7018973
        ]
      },
      "properties": {
        "name": "Orbost Dialysis Unit",
        "state": "VIC",
        "service": "Dialysis Unit - Public",
        "address": "Orbost Regional Health, ORBOST, VIC, 3888",
        "phone": "0351546644",
        "website": "",
        "wheelchair": "",
        "parking": "",
        "source": "locations_info.json"
      }
    },
    {
      "type": "Feature",
      "geometry": {
        "type": "Point",
        "coordinates": [
          145.0696116,
          -37.7566014
        ]
      },
      "properties": {
        "name": "Austin Home Therapies Centre",
        "state": "VIC",
        "service": "Dialysis Unit - Public",
        "address": "Ground Floor, Centaur Bldg, Heidelberg Repat Hospital, HEIDELBERG, VIC, 3084",
        "phone": "0394966366",
        "website": "",
        "wheelchair": "",
        "parking": "",
        "source": "locations_info.json"
      }
    },
    {
      "type": "Feature",
      "geometry": {
        "type": "Point",
        "coordinates": [
          145.1075271,
          -37.7054842
        ]
      },
      "properties": {
        "name": "Diamond Valley B.Braun Dialysis Centre",
        "state": "VIC",
        "service": "Dialysis Unit - Private",
        "address": "15 Grimshaw Street, GREENSBOROUGH, VIC, 3088",
        "phone": "0394321616",
        "website": "",
        "wheelchair": "",
        "parking": "",
        "source": "locations_info.json"
      }
    },
    {
      "type": "Feature",
      "geometry": {
        "type": "Point",
        "coordinates": [
          145.110198,
          -37.9199791
        ]
      },
      "properties": {
        "name": "Monash Health - Dialysis",
        "state": "VIC",
        "service": "Dialysis Unit - Public",
        "address": "Level 3 Block E, Monash Medical Centre, CLAYTON, VIC, 3168",
        "phone": "0395943529",
        "website": "",
        "wheelchair": "",
        "parking": "",
        "source": "locations_info.json"
      }
    },
    {
      "type": "Feature",
      "geometry": {
        "type": "Point",
        "coordinates": [
          145.0658766,
          -37.9174873
        ]
      },
      "properties": {
        "name": "Moorabbin Satellite Dialysis Unit",
        "state": "VIC",
        "service": "Dialysis Unit - Public",
        "address": "Monash Medical Centre, EAST BENTLEIGH, VIC, 3165",
        "phone": "0399288786",
        "website": "",
        "wheelchair": "",
        "parking": "",
        "source": "locations_info.json"
      }
    },
    {
      "type": "Feature",
      "geometry": {
        "type": "Point",
        "coordinates": [
          145.003427,
          -37.749994
        ]
      },
      "properties": {
        "name": "North East Kidney Service Satellite Dialysis Unit",
        "state": "VIC",
        "service": "Dialysis Unit - Public",
        "address": "80-84 Plenty Road, PRESTON, VIC, 3072",
        "phone": "0394966944",
        "website": "",
        "wheelchair": "",
        "parking": "",
        "source": "locations_info.json"
      }
    },
    {
      "type": "Feature",
      "geometry": {
        "type": "Point",
        "coordinates": [
          142.7810854,
          -34.5841137
        ]
      },
      "properties": {
        "name": "Robinvale Dialysis Unit",
        "state": "VIC",
        "service": "Dialysis Unit - Public",
        "address": "Robinvale District Health, ROBINVALE, VIC, 3549",
        "phone": "0350518158",
        "website": "",
        "wheelchair": "",
        "parking": "",
        "source": "locations_info.json"
      }
    },
    {
      "type": "Feature",
      "geometry": {
        "type": "Point",
        "coordinates": [
          152.9978399,
          -27.4777555
        ]
      },
      "properties": {
        "name": "Wesley Renal Dialysis Unit",
        "state": "QLD",
        "service": "Dialysis Unit - Private",
        "address": "451 Coronation Drive, AUCHENFLOWER, QLD, 4066",
        "phone": "0732327281",
        "website": "http://wesley.com.au/?utm_medium=organic&utm_source=gmb&utm_campaign=weshos&utm_content=c",
        "wheelchair": "",
        "parking": "",
        "source": "locations_info.json",
        "category": "clinic",
        "home_dialysis_program": true,
        "aboriginal_support": true
      }
    },
    {
      "type": "Feature",
      "geometry": {
        "type": "Point",
        "coordinates": [
          144.7323879,
          -37.5768379
        ]
      },
      "properties": {
        "name": "Sunbury Satellite Dialysis Unit",
        "state": "VIC",
        "service": "Dialysis Unit - Public",
        "address": "Sunbury Community Hospital, SUNBURY, VIC, 3429",
        "phone": "0397328600",
        "website": "",
        "wheelchair": "",
        "parking": "",
        "source": "locations_info.json"
      }
    },
    {
      "type": "Feature",
      "geometry": {
        "type": "Point",
        "coordinates": [
          145.118358,
          -37.814843
        ]
      },
      "properties": {
        "name": "Box Hill Satellite Dialysis Unit",
        "state": "VIC",
        "service": "Dialysis Unit - Public",
        "address": "Level 1, 5 Arnold Street, BOX HILL, VIC, 3128",
        "phone": "0390926783",
        "website": "",
        "wheelchair": "",
        "parking": "",
        "source": "locations_info.json"
      }
    },
    {
      "type": "Feature",
      "geometry": {
        "type": "Point",
        "coordinates": [
          145.3121402,
          -37.8987686
        ]
      },
      "properties": {
        "name": "Angliss Satellite Dialysis Unit",
        "state": "VIC",
        "service": "Dialysis Unit - Public",
        "address": "Angliss Hospital - Chandler House (Eastern Health), UPPER FERNTREE GULLY, VIC, 3156",
        "phone": "0397646112",
        "website": "",
        "wheelchair": "",
        "parking": "",
        "source": "locations_info.json"
      }
    },
    {
      "type": "Feature",
      "geometry": {
        "type": "Point",
        "coordinates": [
          115.7637382,
          -32.5324939
        ]
      },
      "properties": {
        "name": "Peel Dialysis Unit (Ramsay Health)",
        "state": "WA",
        "service": "Dialysis Unit - Public",
        "address": "110 Lakes Road, GREENFIELDS, WA, 6210",
        "phone": "0895318410",
        "website": "",
        "wheelchair": "",
        "parking": "",
        "source": "locations_info.json"
      }
    },
    {
      "type": "Feature",
      "geometry": {
        "type": "Point",
        "coordinates": [
          149.0668705,
          -35.4170279
        ]
      },
      "properties": {
        "name": "Tuggeranong Dialysis Unit",
        "state": "ACT",
        "service": "Dialysis Unit - Public",
        "address": "Tuggeranong Dialysis Clinic, GREENWAY, ACT, 2900",
        "phone": "0251241364",
        "website": "",
        "wheelchair": "",
        "parking": "",
        "source": "locations_info.json"
      }
    },
    {
      "type": "Feature",
      "geometry": {
        "type": "Point",
        "coordinates": [
          148.6649586,
          -31.704609
        ]
      },
      "properties": {
        "name": "Gilgandra Dialysis Unit",
        "state": "NSW",
        "service": "Dialysis Unit - Public",
        "address": "6 Chelmsford Avenue, GILGANDRA, NSW, 2827",
        "phone": "0268805900",
        "website": "",
        "wheelchair": "",
        "parking": "",
        "source": "locations_info.json"
      }
    },
    {
      "type": "Feature",
      "geometry": {
        "type": "Point",
        "coordinates": [
          151.1033131,
          -33.8559625
        ]
      },
      "properties": {
        "name": "Concord Dialysis Unit (In-Centre)",
        "state": "NSW",
        "service": "Dialysis Unit - Public",
        "address": "Level 4 West - Building 5, CONCORD, NSW, 2139",
        "phone": "0297676119",
        "website": "",
        "wheelchair": "",
        "parking": "",
        "source": "locations_info.json"
      }
    },
    {
      "type": "Feature",
      "geometry": {
        "type": "Point",
        "coordinates": [
          152.9093192,
          -31.4417018
        ]
      },
      "properties": {
        "name": "Port Macquarie Private Hospital Renal Unit (CLOSED)",
        "state": "NSW",
        "service": "Dialysis Unit - Private",
        "address": "86-94 Lake Road, PORT MACQUARIE, NSW, 2444",
        "phone": "0265829665",
        "website": "",
        "wheelchair": "",
        "parking": "",
        "source": "locations_info.json"
      }
    },
    {
      "type": "Feature",
      "geometry": {
        "type": "Point",
        "coordinates": [
          152.8782913,
          -31.4519365
        ]
      },
      "properties": {
        "name": "Port Macquarie Base Hospital Dialysis Unit",
        "state": "NSW",
        "service": "Dialysis Unit - Public",
        "address": "2 Wrights Road, PORT MACQUARIE, NSW, 2444",
        "phone": "0255242220",
        "website": "",
        "wheelchair": "",
        "parking": "",
        "source": "locations_info.json"
      }
    },
    {
      "type": "Feature",
      "geometry": {
        "type": "Point",
        "coordinates": [
          150.7330562,
          -33.7568098
        ]
      },
      "properties": {
        "name": "Nepean Inpatient Dialysis Unit",
        "state": "NSW",
        "service": "Dialysis Unit - Public",
        "address": "Ward 3A Nepean Hospital, PENRITH, NSW, 2747",
        "phone": "0247344104",
        "website": "",
        "wheelchair": "",
        "parking": "",
        "source": "locations_info.json"
      }
    },
    {
      "type": "Feature",
      "geometry": {
        "type": "Point",
        "coordinates": [
          150.8422479,
          -34.5578406
        ]
      },
      "properties": {
        "name": "Shellharbour Satellite Haemodialysis Unit",
        "state": "NSW",
        "service": "Dialysis Unit - Public",
        "address": "15-17 Madigan Boulevard, MOUNT WARRIGAL, NSW, 2528",
        "phone": "0242952808",
        "website": "",
        "wheelchair": "",
        "parking": "",
        "source": "locations_info.json"
      }
    },
    {
      "type": "Feature",
      "geometry": {
        "type": "Point",
        "coordinates": [
          147.3574194,
          -35.1185277
        ]
      },
      "properties": {
        "name": "Wagga Wagga Base Hospital Renal Incentre",
        "state": "NSW",
        "service": "Dialysis Unit - Public",
        "address": "260-280 Edward Street, WAGGA WAGGA, NSW, 2650",
        "phone": "0259433180",
        "website": "",
        "wheelchair": "",
        "parking": "",
        "source": "locations_info.json"
      }
    },
    {
      "type": "Feature",
      "geometry": {
        "type": "Point",
        "coordinates": [
          147.2023053,
          -31.5616785
        ]
      },
      "properties": {
        "name": "Nyngan Satellite Dialysis Unit",
        "state": "NSW",
        "service": "Dialysis Unit - Public",
        "address": "15 Hoskins Street, NYNGAN, NSW, 2825",
        "phone": "0268097454",
        "website": "",
        "wheelchair": "",
        "parking": "",
        "source": "locations_info.json",
        "category": "clinic",
        "aboriginal_support": true
      }
    },
    {
      "type": "Feature",
      "geometry": {
        "type": "Point",
        "coordinates": [
          151.7643411,
          -32.926632
        ]
      },
      "properties": {
        "name": "Newcastle Dialysis Unit - Fresenius",
        "state": "NSW",
        "service": "Dialysis Unit - Private",
        "address": "Level 4 Suite 402, NEWCASTLE WEST, NSW, 2302",
        "phone": "0290458600",
        "website": "",
        "wheelchair": "",
        "parking": "",
        "source": "locations_info.json"
      }
    },
    {
      "type": "Feature",
      "geometry": {
        "type": "Point",
        "coordinates": [
          153.105239,
          -27.2291733
        ]
      },
      "properties": {
        "name": "Redcliffe Dialysis Unit",
        "state": "QLD",
        "service": "Dialysis Unit - Public",
        "address": "Level1, 106 Anzac Avenue, REDCLIFFE, QLD, 4020",
        "phone": "0738837388",
        "website": "",
        "wheelchair": "",
        "parking": "",
        "source": "locations_info.json"
      }
    },
    {
      "type": "Feature",
      "geometry": {
        "type": "Point",
        "coordinates": [
          145.7711637,
          -16.9150213
        ]
      },
      "properties": {
        "name": "Cairns Private Dialysis Unit - Ramsay Health",
        "state": "QLD",
        "service": "Dialysis Unit - Private",
        "address": "1 Upward St, CAIRNS CITY, QLD, 4870",
        "phone": "0740525867",
        "website": "",
        "wheelchair": "",
        "parking": "",
        "source": "locations_info.json"
      }
    },
    {
      "type": "Feature",
      "geometry": {
        "type": "Point",
        "coordinates": [
          153.1418031,
          -27.6700261
        ]
      },
      "properties": {
        "name": "Logan Hospital Dialysis Unit",
        "state": "QLD",
        "service": "Dialysis Unit - Public",
        "address": "Logan Hospital, Building 2, MEADOWBROOK, QLD, 4131",
        "phone": "0732998815",
        "website": "",
        "wheelchair": "",
        "parking": "",
        "source": "locations_info.json"
      }
    },
    {
      "type": "Feature",
      "geometry": {
        "type": "Point",
        "coordinates": [
          138.522142,
          -35.0097856
        ]
      },
      "properties": {
        "name": "Brighton Dialysis Clinic (Fresenius)",
        "state": "SA",
        "service": "Dialysis Unit - Private",
        "address": "361-365 Brighton Road, HOVE, SA, 5048",
        "phone": "0881554100",
        "website": "",
        "wheelchair": "",
        "parking": "",
        "source": "locations_info.json",
        "category": "clinic",
        "aboriginal_support": true
      }
    },
    {
      "type": "Feature",
      "geometry": {
        "type": "Point",
        "coordinates": [
          140.6012705,
          -34.2761909
        ]
      },
      "properties": {
        "name": "Berri Dialysis Centre - CNARTS",
        "state": "SA",
        "service": "Dialysis Unit - Public",
        "address": "10 Maddern Street, BERRI, SA, 5343",
        "phone": "0885802690",
        "website": "",
        "wheelchair": "",
        "parking": "",
        "source": "locations_info.json"
      }
    },
    {
      "type": "Feature",
      "geometry": {
        "type": "Point",
        "coordinates": [
          145.9089203,
          -41.0598505
        ]
      },
      "properties": {
        "name": "North West Satellite Renal Unit",
        "state": "TAS",
        "service": "Dialysis Unit - Public",
        "address": "1-11 Strahan Street, SOUTH BURNIE, TAS, 7320",
        "phone": "0364777746",
        "website": "",
        "wheelchair": "",
        "parking": "",
        "source": "locations_info.json"
      }
    },
    {
      "type": "Feature",
      "geometry": {
        "type": "Point",
        "coordinates": [
          143.9324048,
          -38.528668
        ]
      },
      "properties": {
        "name": "Lorne Satellite Dialysis Unit",
        "state": "VIC",
        "service": "Dialysis Unit - Public",
        "address": "Lorne Community Hospital, LORNE, VIC, 3232",
        "phone": "0352894306",
        "website": "",
        "wheelchair": "",
        "parking": "",
        "source": "locations_info.json"
      }
    },
    {
      "type": "Feature",
      "geometry": {
        "type": "Point",
        "coordinates": [
          142.0311416,
          -37.7364326
        ]
      },
      "properties": {
        "name": "Hamilton Dialysis Unit",
        "state": "VIC",
        "service": "Dialysis Unit - Public",
        "address": "20 Foster Street, HAMILTON, VIC, 3300",
        "phone": "0355518602",
        "website": "",
        "wheelchair": "",
        "parking": "",
        "source": "locations_info.json"
      }
    },
    {
      "type": "Feature",
      "geometry": {
        "type": "Point",
        "coordinates": [
          144.2807444,
          -36.7506837
        ]
      },
      "properties": {
        "name": "Bendigo Acute Dialysis Unit",
        "state": "VIC",
        "service": "Dialysis Unit - Public",
        "address": "100 Barnard Street, BENDIGO, VIC, 3550",
        "phone": "0354548045",
        "website": "",
        "wheelchair": "",
        "parking": "",
        "source": "locations_info.json"
      }
    },
    {
      "type": "Feature",
      "geometry": {
        "type": "Point",
        "coordinates": [
          143.8470325,
          -37.5593787
        ]
      },
      "properties": {
        "name": "Ballarat Dialysis Unit",
        "state": "VIC",
        "service": "Dialysis Unit - Public",
        "address": "1 Drummond Street North, BALLARAT CENTRAL, VIC, 3350",
        "phone": "0353204522",
        "website": "",
        "wheelchair": "",
        "parking": "",
        "source": "locations_info.json",
        "category": "clinic",
        "home_dialysis_program": true,
        "aboriginal_support": true
      }
    },
    {
      "type": "Feature",
      "geometry": {
        "type": "Point",
        "coordinates": [
          144.9784894,
          -37.7983606
        ]
      },
      "properties": {
        "name": "St Vincent's Community Dialysis Unit",
        "state": "VIC",
        "service": "Dialysis Unit - Public",
        "address": "St Vincent's Hospital, Melbourne, FITZROY, VIC, 3065",
        "phone": "0392884100",
        "website": "https://www.svhm.org.au/health-professionals/specialist-clinics/n/nephrology",
        "wheelchair": "",
        "parking": "",
        "source": "locations_info.json",
        "category": "clinic",
        "custom_tag": "home dialysis program"
      }
    },
    {
      "type": "Feature",
      "geometry": {
        "type": "Point",
        "coordinates": [
          144.892357,
          -37.7988987
        ]
      },
      "properties": {
        "name": "Footscray Dialysis Unit",
        "state": "VIC",
        "service": "Dialysis Unit - Public",
        "address": "160 Gordon Street, FOOTSCRAY, VIC, 3011",
        "phone": "0383457245",
        "website": "",
        "wheelchair": "",
        "parking": "",
        "source": "locations_info.json"
      }
    },
    {
      "type": "Feature",
      "geometry": {
        "type": "Point",
        "coordinates": [
          145.166476,
          -37.836221
        ]
      },
      "properties": {
        "name": "Forest Hill Dialysis Unit - Fresenius",
        "state": "VIC",
        "service": "Dialysis Unit - Private",
        "address": "69 Mahoneys Road, FOREST HILL, VIC, 3131",
        "phone": "0398453800",
        "website": "",
        "wheelchair": "",
        "parking": "",
        "source": "locations_info.json",
        "category": "clinic",
        "aboriginal_support": true
      }
    },
    {
      "type": "Feature",
      "geometry": {
        "type": "Point",
        "coordinates": [
          145.2544854,
          -37.8069434
        ]
      },
      "properties": {
        "name": "Maroondah Satellite Dialysis Unit",
        "state": "VIC",
        "service": "Dialysis Unit - Public",
        "address": "Maroondah Hospital (Eastern Health), RINGWOOD EAST, VIC, 3135",
        "phone": "0387063015",
        "website": "",
        "wheelchair": "",
        "parking": "",
        "source": "locations_info.json"
      }
    },
    {
      "type": "Feature",
      "geometry": {
        "type": "Point",
        "coordinates": [
          144.9189262,
          -37.5962804
        ]
      },
      "properties": {
        "name": "Craigieburn Dialysis Unit",
        "state": "VIC",
        "service": "Dialysis Unit - Public",
        "address": "274-304 Craigieburn Road, CRAIGIEBURN, VIC, 3064",
        "phone": "0383383000",
        "website": "",
        "wheelchair": "",
        "parking": "",
        "source": "locations_info.json"
      }
    },
    {
      "type": "Feature",
      "geometry": {
        "type": "Point",
        "coordinates": [
          128.7362033,
          -15.7665224
        ]
      },
      "properties": {
        "name": "Kununurra Dialysis Unit",
        "state": "WA",
        "service": "Dialysis Unit - Public",
        "address": "Kununurra Renal Health Centre, KUNUNURRA, WA, 6743",
        "phone": "0891664400",
        "website": "https://www.healthdirect.gov.au/australian-health-services/20064018/kununurra-hospital/services/kununurra-6743-coolibah",
        "wheelchair": "",
        "parking": "",
        "source": "locations_info.json",
        "category": "clinic"
      }
    },
    {
      "type": "Feature",
      "geometry": {
        "type": "Point",
        "coordinates": [
          144.8940007,
          -37.86404
        ]
      },
      "properties": {
        "name": "Williamstown Dialysis Unit",
        "state": "VIC",
        "service": "Dialysis Unit - Public",
        "address": "Railway Cres, WILLIAMSTOWN, VIC, 3016",
        "phone": "0393930123",
        "website": "",
        "wheelchair": "",
        "parking": "",
        "source": "locations_info.json"
      }
    },
    {
      "type": "Feature",
      "geometry": {
        "type": "Point",
        "coordinates": [
          145.0182928,
          -37.9611064
        ]
      },
      "properties": {
        "name": "Sandringham Satellite Dialysis Unit",
        "state": "VIC",
        "service": "Dialysis Unit - Public",
        "address": "Sandringham Hospital, SANDRINGHAM, VIC, 3191",
        "phone": "0390761421",
        "website": "",
        "wheelchair": "",
        "parking": "",
        "source": "locations_info.json"
      }
    },
    {
      "type": "Feature",
      "geometry": {
        "type": "Point",
        "coordinates": [
          115.7847501,
          -32.0957193
        ]
      },
      "properties": {
        "name": "Spearwood Dialysis Unit (Fresenius)",
        "state": "WA",
        "service": "Dialysis Unit - Private",
        "address": "Unit 5-9 Lancaster House, SPEARWOOD, WA, 6163",
        "phone": "0894945500",
        "website": "",
        "wheelchair": "",
        "parking": "",
        "source": "locations_info.json"
      }
    },
    {
      "type": "Feature",
      "geometry": {
        "type": "Point",
        "coordinates": [
          150.9181599,
          -33.7771464
        ]
      },
      "properties": {
        "name": "Blacktown Regional Dialysis Centre",
        "state": "NSW",
        "service": "Dialysis Unit - Public",
        "address": "Panorama Parade, Blacktown NSW 2148, Australia",
        "phone": "(02) 8670 8330",
        "website": "",
        "wheelchair": "",
        "parking": "",
        "source": "locations_info.json",
        "category": "clinic",
        "home_dialysis_program": true,
        "aboriginal_support": true
      }
    },
    {
      "type": "Feature",
      "geometry": {
        "type": "Point",
        "coordinates": [
          149.5722696,
          -33.4061851
        ]
      },
      "properties": {
        "name": "Bathurst Base Hospital Dialysis Unit",
        "state": "NSW",
        "service": "Dialysis Unit - Public",
        "address": "363 Howick Street, WEST BATHURST, NSW, 2795",
        "phone": "0263305346",
        "website": "https://www.service.nsw.gov.au/nswgovdirectory/bathurst-base-hospital",
        "wheelchair": "",
        "parking": "",
        "source": "locations_info.json",
        "category": "hospital",
        "home_dialysis_program": true,
        "aboriginal_support": true
      }
    },
    {
      "type": "Feature",
      "geometry": {
        "type": "Point",
        "coordinates": [
          121.4729467,
          -30.7365673
        ]
      },
      "properties": {
        "name": "Kalgoorlie Dialysis Unit (Gaburu)",
        "state": "WA",
        "service": "Dialysis Unit - Public",
        "address": "15 Piccadilly Street, MULLINGAR, WA, 6430",
        "phone": "0890805888",
        "website": "",
        "wheelchair": "",
        "parking": "",
        "source": "locations_info.json"
      }
    },
    {
      "type": "Feature",
      "geometry": {
        "type": "Point",
        "coordinates": [
          151.6523371,
          -30.5035714
        ]
      },
      "properties": {
        "name": "Armidale Dialysis Unit",
        "state": "NSW",
        "service": "Dialysis Unit - Public",
        "address": "Armidale Health Campus, ARMIDALE, NSW, 2350",
        "phone": "0267769911",
        "website": "",
        "wheelchair": "",
        "parking": "",
        "source": "locations_info.json"
      }
    },
    {
      "type": "Feature",
      "geometry": {
        "type": "Point",
        "coordinates": [
          146.8639686,
          -29.9613886
        ]
      },
      "properties": {
        "name": "Brewarrina Dialysis Unit",
        "state": "NSW",
        "service": "Dialysis Unit - Public",
        "address": "56 Doyle Street, BREWARRINA, NSW, 2839",
        "phone": "0268305000",
        "website": "",
        "wheelchair": "",
        "parking": "",
        "source": "locations_info.json"
      }
    },
    {
      "type": "Feature",
      "geometry": {
        "type": "Point",
        "coordinates": [
          150.9306417,
          -33.9198754
        ]
      },
      "properties": {
        "name": "Liverpool Hospital Community Dialysis (Satellite Unit)",
        "state": "NSW",
        "service": "Dialysis Unit - Public",
        "address": "AG1W, Level 1, Liverpool Hospital, LIVERPOOL, NSW, 2170",
        "phone": "0298284728",
        "website": "https://www.swslhd.health.nsw.gov.au/liverpool/renal/",
        "wheelchair": "",
        "parking": "",
        "source": "locations_info.json",
        "category": "other"
      }
    },
    {
      "type": "Feature",
      "geometry": {
        "type": "Point",
        "coordinates": [
          149.0898262,
          -35.3490795
        ]
      },
      "properties": {
        "name": "Canberra Acute Dialysis Unit",
        "state": "ACT",
        "service": "Dialysis Unit - Public",
        "address": "The Canberra Hospital, GARRAN, ACT, 2606",
        "phone": "0251243363",
        "website": "",
        "wheelchair": "",
        "parking": "",
        "source": "locations_info.json"
      }
    },
    {
      "type": "Feature",
      "geometry": {
        "type": "Point",
        "coordinates": [
          150.9179595,
          -33.9285567
        ]
      },
      "properties": {
        "name": "Liverpool Private Dialysis Centre - Fresenius",
        "state": "NSW",
        "service": "Dialysis Unit - Private",
        "address": "Level 2, LIVERPOOL, NSW, 2170",
        "phone": "0290437600",
        "website": "https://freseniuskidneycare.au/center-detail/aus1031/?utm_source=gmb&utm_medium=organic&utm_campaign=listing",
        "wheelchair": "",
        "parking": "",
        "source": "locations_info.json",
        "category": "clinic",
        "home_dialysis_program": true,
        "aboriginal_support": true
      }
    },
    {
      "type": "Feature",
      "geometry": {
        "type": "Point",
        "coordinates": [
          150.8993086,
          -32.2646115
        ]
      },
      "properties": {
        "name": "Muswellbrook Dialysis Unit",
        "state": "NSW",
        "service": "Dialysis Unit - Public",
        "address": "20 Brentwood Street, MUSWELLBROOK, NSW, 2333",
        "phone": "0265422080",
        "website": "",
        "wheelchair": "",
        "parking": "",
        "source": "locations_info.json"
      }
    },
    {
      "type": "Feature",
      "geometry": {
        "type": "Point",
        "coordinates": [
          149.232889,
          -35.3491511
        ]
      },
      "properties": {
        "name": "Queanbeyan Dialysis Centre",
        "state": "NSW",
        "service": "Dialysis Unit - Public",
        "address": "26 Antill Street, QUEANBEYAN, NSW, 2620",
        "phone": "0261507320",
        "website": "",
        "wheelchair": "",
        "parking": "",
        "source": "locations_info.json"
      }
    },
    {
      "type": "Feature",
      "geometry": {
        "type": "Point",
        "coordinates": [
          151.0990746,
          -33.7330599
        ]
      },
      "properties": {
        "name": "Sydney Adventist Hospital Renal Unit",
        "state": "NSW",
        "service": "Dialysis Unit - Private",
        "address": "Level 3, Tullock Building, WAHROONGA, NSW, 2076",
        "phone": "0294879161",
        "website": "",
        "wheelchair": "",
        "parking": "",
        "source": "locations_info.json",
        "category": "hospital",
        "home_dialysis_program": true,
        "aboriginal_support": true
      }
    },
    {
      "type": "Feature",
      "geometry": {
        "type": "Point",
        "coordinates": [
          148.9517984,
          -32.5498523
        ]
      },
      "properties": {
        "name": "Wellington Satellite Dialysis Unit",
        "state": "NSW",
        "service": "Dialysis Unit - Public",
        "address": "30 Thornton Street, WELLINGTON, NSW, 2820",
        "phone": "0268455500",
        "website": "http://www.myhospitals.gov.au/hospital/wellington-hospital",
        "wheelchair": "",
        "parking": "",
        "source": "locations_info.json",
        "category": "clinic",
        "aboriginal_support": true
      }
    },
    {
      "type": "Feature",
      "geometry": {
        "type": "Point",
        "coordinates": [
          151.1939266,
          -33.8234467
        ]
      },
      "properties": {
        "name": "Sydney Dialysis Centre",
        "state": "NSW",
        "service": "Dialysis Unit - Public",
        "address": "Community Health Centre, ST LEONARDS, NSW, 2065",
        "phone": "0294629400",
        "website": "",
        "wheelchair": "",
        "parking": "",
        "source": "locations_info.json"
      }
    },
    {
      "type": "Feature",
      "geometry": {
        "type": "Point",
        "coordinates": [
          153.0332209,
          -27.4990044
        ]
      },
      "properties": {
        "name": "Princess Alexandra Haemodialysis Unit",
        "state": "QLD",
        "service": "Dialysis Unit - Public",
        "address": "199 Ipswich Road, WOOLLOONGABBA, QLD, 4102",
        "phone": "0731761120",
        "website": "https://www.healthdirect.gov.au/australian-health-services/healthcare-service/woolloongabba-4102-qld/princess-alexandra-hospital-haemodialysis/nephrology/5b45f3e8-9a7a-a4af-dddf-79cc1afc09c1",
        "wheelchair": "",
        "parking": "",
        "source": "locations_info.json",
        "category": "clinic",
        "home_dialysis_program": true
      }
    },
    {
      "type": "Feature",
      "geometry": {
        "type": "Point",
        "coordinates": [
          150.7102216,
          -33.7512111
        ]
      },
      "properties": {
        "name": "Penrith Community Dialysis Unit",
        "state": "NSW",
        "service": "Dialysis Unit - Public",
        "address": "64 Glebe Place, PENRITH, NSW, 2750",
        "phone": "0247343814",
        "website": "",
        "wheelchair": "",
        "parking": "",
        "source": "locations_info.json",
        "category": "hospital",
        "home_dialysis_program": true,
        "aboriginal_support": true
      }
    },
    {
      "type": "Feature",
      "geometry": {
        "type": "Point",
        "coordinates": [
          150.9043156,
          -33.8573598
        ]
      },
      "properties": {
        "name": "Fairfield Satellite Dialysis Unit",
        "state": "NSW",
        "service": "Dialysis Unit - Public",
        "address": "Crnr Prairie Vale Road and Polding St, PRAIRIEWOOD, NSW, 2176",
        "phone": "0296168993",
        "website": "",
        "wheelchair": "",
        "parking": "",
        "source": "locations_info.json",
        "category": "hospital",
        "home_dialysis_program": true,
        "aboriginal_support": true
      }
    },
    {
      "type": "Feature",
      "geometry": {
        "type": "Point",
        "coordinates": [
          153.3843099,
          -27.9620043
        ]
      },
      "properties": {
        "name": "Gold Coast Private Hospital Dialysis Unit",
        "state": "QLD",
        "service": "Dialysis Unit - Private",
        "address": "14 Hill Street, SOUTHPORT, QLD, 4215",
        "phone": "0731514900",
        "website": "",
        "wheelchair": "",
        "parking": "",
        "source": "locations_info.json"
      }
    },
    {
      "type": "Feature",
      "geometry": {
        "type": "Point",
        "coordinates": [
          139.2736963,
          -35.1200511
        ]
      },
      "properties": {
        "name": "Murray Bridge Dialysis Unit",
        "state": "SA",
        "service": "Dialysis Unit - Public",
        "address": "Murray Bridge Hospital, MURRAY BRIDGE, SA, 5253",
        "phone": "0885356992",
        "website": "",
        "wheelchair": "",
        "parking": "",
        "source": "locations_info.json"
      }
    },
    {
      "type": "Feature",
      "geometry": {
        "type": "Point",
        "coordinates": [
          151.935866,
          -27.539684
        ]
      },
      "properties": {
        "name": "St Andrews Toowoomba B.Braun Dialysis Clinic",
        "state": "QLD",
        "service": "Dialysis Unit - Private",
        "address": "266 North Street, ROCKVILLE, QLD, 4350",
        "phone": "0746340855",
        "website": "http://www.sath.org.au/",
        "wheelchair": "",
        "parking": "",
        "source": "locations_info.json",
        "category": "clinic"
      }
    },
    {
      "type": "Feature",
      "geometry": {
        "type": "Point",
        "coordinates": [
          138.5919105,
          -34.9083198
        ]
      },
      "properties": {
        "name": "Women's and Children's Hospital - Renal Dialysis Unit",
        "state": "SA",
        "service": "Dialysis Unit - Public",
        "address": "4th Floor, Good Friday Building,, NORTH ADELAIDE, SA, 5006",
        "phone": "0466469932",
        "website": "",
        "wheelchair": "",
        "parking": "",
        "source": "locations_info.json"
      }
    },
    {
      "type": "Feature",
      "geometry": {
        "type": "Point",
        "coordinates": [
          138.6645671,
          -34.7474522
        ]
      },
      "properties": {
        "name": "Lyell McEwin Satellite Dialysis Centre CNARTS",
        "state": "SA",
        "service": "Dialysis Unit - Public",
        "address": "Lyell McEwin Hospital, ELIZABETH VALE, SA, 5112",
        "phone": "0882820306",
        "website": "",
        "wheelchair": "",
        "parking": "",
        "source": "locations_info.json"
      }
    },
    {
      "type": "Feature",
      "geometry": {
        "type": "Point",
        "coordinates": [
          133.8762937,
          -23.7123609
        ]
      },
      "properties": {
        "name": "Alice Springs Renal Unit - (Fresenius)",
        "state": "NT",
        "service": "Dialysis Unit - Private",
        "address": "33 Gap Road, THE GAP, NT, 0870",
        "phone": "0889554900",
        "website": "",
        "wheelchair": "",
        "parking": "",
        "source": "locations_info.json"
      }
    },
    {
      "type": "Feature",
      "geometry": {
        "type": "Point",
        "coordinates": [
          145.0295877,
          -37.8831621
        ]
      },
      "properties": {
        "name": "Caulfield Satellite Haemodialysis Centre",
        "state": "VIC",
        "service": "Dialysis Unit - Public",
        "address": "L1 Main Block (Bldg 28) Caufield Medical Centre, CAULFIELD, VIC, 3162",
        "phone": "0390766195",
        "website": "",
        "wheelchair": "",
        "parking": "",
        "source": "locations_info.json"
      }
    },
    {
      "type": "Feature",
      "geometry": {
        "type": "Point",
        "coordinates": [
          141.3923112,
          -37.5901371
        ]
      },
      "properties": {
        "name": "Casterton Memorial Hospital Dialysis Unit",
        "state": "VIC",
        "service": "Dialysis Unit - Public",
        "address": "63-69 Russell Street, CASTERTON, VIC, 3311",
        "phone": "0355542555",
        "website": "",
        "wheelchair": "",
        "parking": "",
        "source": "locations_info.json"
      }
    },
    {
      "type": "Feature",
      "geometry": {
        "type": "Point",
        "coordinates": [
          145.0306918,
          -37.8514647
        ]
      },
      "properties": {
        "name": "Malvern Dialysis Unit - Fresenius",
        "state": "VIC",
        "service": "Dialysis Unit - Private",
        "address": "Ground Floor, MALVERN, VIC, 3144",
        "phone": "0388237800",
        "website": "",
        "wheelchair": "",
        "parking": "",
        "source": "locations_info.json"
      }
    },
    {
      "type": "Feature",
      "geometry": {
        "type": "Point",
        "coordinates": [
          146.4702792,
          -38.2189015
        ]
      },
      "properties": {
        "name": "Latrobe Regional Hospital Dialysis Unit",
        "state": "VIC",
        "service": "Dialysis Unit - Public",
        "address": "Latrobe Regional Hospital, TRARALGON WEST, VIC, 3844",
        "phone": "0351738849",
        "website": "",
        "wheelchair": "",
        "parking": "",
        "source": "locations_info.json"
      }
    },
    {
      "type": "Feature",
      "geometry": {
        "type": "Point",
        "coordinates": [
          146.3142563,
          -36.3543662
        ]
      },
      "properties": {
        "name": "Wangaratta Dialysis Unit",
        "state": "VIC",
        "service": "Dialysis Unit - Public",
        "address": "Northeast Health Wangaratta, WANGARATTA, VIC, 3677",
        "phone": "0357225193",
        "website": "",
        "wheelchair": "",
        "parking": "",
        "source": "locations_info.json",
        "category": "clinic",
        "home_dialysis_program": true,
        "aboriginal_support": true
      }
    },
    {
      "type": "Feature",
      "geometry": {
        "type": "Point",
        "coordinates": [
          144.3786855,
          -38.1629528
        ]
      },
      "properties": {
        "name": "Newcomb Satellite Dialysis Unit",
        "state": "VIC",
        "service": "Dialysis Unit - Public",
        "address": "104-108 Bellarine Highway, NEWCOMB, VIC, 3219",
        "phone": "0342157696",
        "website": "https://www.barwonhealth.org.au/location/newcomb-community-health/",
        "wheelchair": "",
        "parking": "",
        "source": "locations_info.json",
        "category": "clinic"
      }
    },
    {
      "type": "Feature",
      "geometry": {
        "type": "Point",
        "coordinates": [
          145.0425369,
          -36.3151718
        ]
      },
      "properties": {
        "name": "Kyabram District Health Service - Renal Satellite Dialysis Unit",
        "state": "VIC",
        "service": "Dialysis Unit - Public",
        "address": "86-96 Fenaughty Street, KYABRAM, VIC, 3620",
        "phone": "0358570217",
        "website": "",
        "wheelchair": "",
        "parking": "",
        "source": "locations_info.json",
        "category": "clinic",
        "aboriginal_support": true
      }
    },
    {
      "type": "Feature",
      "geometry": {
        "type": "Point",
        "coordinates": [
          146.8799094,
          -36.1308278
        ]
      },
      "properties": {
        "name": "Wodonga Dialysis Unit",
        "state": "VIC",
        "service": "Dialysis Unit - Public",
        "address": "Wodonga Hospital, WODONGA, VIC, 3690",
        "phone": "0260517320",
        "website": "",
        "wheelchair": "",
        "parking": "",
        "source": "locations_info.json"
      }
    },
    {
      "type": "Feature",
      "geometry": {
        "type": "Point",
        "coordinates": [
          144.6986256,
          -37.8860504
        ]
      },
      "properties": {
        "name": "Werribee Mercy Hospital Renal Dialysis Unit",
        "state": "VIC",
        "service": "Dialysis Unit - Public",
        "address": "298-310 Princes Highway, WERRIBEE, VIC, 3030",
        "phone": "0387543444",
        "website": "",
        "wheelchair": "",
        "parking": "",
        "source": "locations_info.json"
      }
    },
    {
      "type": "Feature",
      "geometry": {
        "type": "Point",
        "coordinates": [
          145.0587533,
          -37.7562478
        ]
      },
      "properties": {
        "name": "Austin Hospital Central Dialysis Unit",
        "state": "VIC",
        "service": "Dialysis Unit - Public",
        "address": "Ward 7 North, Level 7 Austin Hospital Tower, HEIDELBERG, VIC, 3084",
        "phone": "0394965348",
        "website": "https://www.austin.org.au/kidney-care/for-patients/CDU/",
        "wheelchair": "",
        "parking": "",
        "source": "locations_info.json",
        "category": "hospital",
        "home_dialysis_program": true,
        "aboriginal_support": true
      }
    },
    {
      "type": "Feature",
      "geometry": {
        "type": "Point",
        "coordinates": [
          115.7462862,
          -32.2836219
        ]
      },
      "properties": {
        "name": "Rockingham Dialysis Unit - (Fresenius)",
        "state": "WA",
        "service": "Dialysis Unit - Private",
        "address": "Level 1, ROCKINGHAM, WA, 6168",
        "phone": "0895915000",
        "website": "",
        "wheelchair": "",
        "parking": "",
        "source": "locations_info.json"
      }
    },
    {
      "type": "Feature",
      "geometry": {
        "type": "Point",
        "coordinates": [
          145.0696116,
          -37.7566014
        ]
      },
      "properties": {
        "name": "Austin Home Therapies Centre",
        "state": "VIC",
        "service": "Dialysis Unit - Public",
        "address": "Ground Floor, Centaur Bldg, Austin Hospital Tower (Heidelberg Repeat Hospital), 145 Studley Rd, Heidelberg VIC 3084",
        "phone": "0394966366",
        "website": "https://www.austin.org.au/kidney-care/for-patients/HTC/",
        "wheelchair": "",
        "parking": "",
        "source": "locations_info.json",
        "category": "clinic",
        "home_dialysis_program": true
      }
    },
    {
      "type": "Feature",
      "geometry": {
        "type": "Point",
        "coordinates": [
          116.0134727,
          -31.8918569
        ]
      },
      "properties": {
        "name": "Midland Satellite Dialysis Unit",
        "state": "WA",
        "service": "Dialysis Unit - Private",
        "address": "Unit 1, MIDLAND, WA, 6056",
        "phone": "0862743000",
        "website": "",
        "wheelchair": "",
        "parking": "",
        "source": "locations_info.json"
      }
    },
    {
      "type": "Feature",
      "geometry": {
        "type": "Point",
        "coordinates": [
          117.8818311,
          -35.0243947
        ]
      },
      "properties": {
        "name": "Albany Dialysis Unit",
        "state": "WA",
        "service": "Dialysis Unit - Public",
        "address": "Albany Regional Hospital, ALBANY, WA, 6330",
        "phone": "0898922680",
        "website": "",
        "wheelchair": "",
        "parking": "",
        "source": "locations_info.json",
        "category": "clinic",
        "home_dialysis_program": true,
        "aboriginal_support": true
      }
    },
    {
      "type": "Feature",
      "geometry": {
        "type": "Point",
        "coordinates": [
          150.929306,
          -33.9202728
        ]
      },
      "properties": {
        "name": "Liverpool Hospital Renal Unit",
        "state": "NSW",
        "service": "Dialysis Unit - Public",
        "address": "Liverpool Hospital, LIVERPOOL, NSW, 2170",
        "phone": "0287383719",
        "website": "",
        "wheelchair": "",
        "parking": "",
        "source": "locations_info.json",
        "category": "clinic",
        "aboriginal_support": true
      }
    },
    {
      "type": "Feature",
      "geometry": {
        "type": "Point",
        "coordinates": [
          151.168313,
          -33.7774027
        ]
      },
      "properties": {
        "name": "Lindfield B.Braun Renal Care Centre",
        "state": "NSW",
        "service": "Dialysis Unit - Private",
        "address": "280 Pacific Hwy, LINDFIELD, NSW, 2070",
        "phone": "0294158800",
        "website": "",
        "wheelchair": "",
        "parking": "",
        "source": "locations_info.json"
      }
    },
    {
      "type": "Feature",
      "geometry": {
        "type": "Point",
        "coordinates": [
          145.0150845,
          -37.6531452
        ]
      },
      "properties": {
        "name": "Northern Hospital Epping Dialysis Unit",
        "state": "VIC",
        "service": "Dialysis Unit - Public",
        "address": "The Northern Hospital, EPPING, VIC, 3076",
        "phone": "0384052802",
        "website": "",
        "wheelchair": "",
        "parking": "",
        "source": "locations_info.json",
        "category": "hospital",
        "home_dialysis_program": true,
        "aboriginal_support": true
      }
    },
    {
      "type": "Feature",
      "geometry": {
        "type": "Point",
        "coordinates": [
          150.929232,
          -33.9198253
        ]
      },
      "properties": {
        "name": "South Western Sydney Local Health District",
        "state": "NSW",
        "service": "Dialysis Unit - Public",
        "address": "SWSLHD Renal Unit, LIVERPOOL, NSW, 2170",
        "phone": "0287386000",
        "website": "",
        "wheelchair": "",
        "parking": "",
        "source": "locations_info.json"
      }
    },
    {
      "type": "Feature",
      "geometry": {
        "type": "Point",
        "coordinates": [
          144.365439,
          -38.1547649
        ]
      },
      "properties": {
        "name": "Barwon Health Renal Services",
        "state": "VIC",
        "service": "Dialysis Unit - Public",
        "address": "74-76 Swanston Street, GEELONG, VIC, 3220",
        "phone": "0342153500",
        "website": "",
        "wheelchair": "",
        "parking": "",
        "source": "locations_info.json",
        "category": "clinic",
        "aboriginal_support": true
      }
    },
    {
      "type": "Feature",
      "geometry": {
        "type": "Point",
        "coordinates": [
          152.9506651,
          -27.0981538
        ]
      },
      "properties": {
        "name": "Morayfield B.Braun Renal Care Centre",
        "state": "QLD",
        "service": "Dialysis Unit - Private",
        "address": "Morayfield Health Hub, Suite 1, Morayfield, QLD, 4506",
        "phone": "0754327500",
        "website": "",
        "wheelchair": "",
        "parking": "",
        "source": "locations_info.json"
      }
    },
    {
      "type": "Feature",
      "geometry": {
        "type": "Point",
        "coordinates": [
          153.0186443,
          -27.4750199
        ]
      },
      "properties": {
        "name": "South Brisbane Dialysis Centre - Fresenius",
        "state": "QLD",
        "service": "Dialysis Unit - Public",
        "address": "Level 7 Dialysis Unit, Mater Public Hospital, SOUTH BRISBANE, QLD, 4101",
        "phone": "0731636116",
        "website": "",
        "wheelchair": "",
        "parking": "",
        "source": "locations_info.json"
      }
    },
    {
      "type": "Feature",
      "geometry": {
        "type": "Point",
        "coordinates": [
          144.2609631,
          -23.4392056
        ]
      },
      "properties": {
        "name": "Longreach Hospital Satellite Dialysis Unit",
        "state": "QLD",
        "service": "Dialysis Unit - Public",
        "address": "22-54 Jabiru Street, LONGREACH, QLD, 4730",
        "phone": "0746584781",
        "website": "",
        "wheelchair": "",
        "parking": "",
        "source": "locations_info.json"
      }
    },
    {
      "type": "Feature",
      "geometry": {
        "type": "Point",
        "coordinates": [
          152.7633083,
          -27.6188827
        ]
      },
      "properties": {
        "name": "St Andrew's Ipswich Private Hospital Renal Unit",
        "state": "QLD",
        "service": "Dialysis Unit - Private",
        "address": "12 Roderick Street, IPSWICH, QLD, 4305",
        "phone": "0738169326",
        "website": "http://www.standrewsipswich.com.au/",
        "wheelchair": "",
        "parking": "",
        "source": "locations_info.json",
        "category": "hospital",
        "home_dialysis_program": true,
        "aboriginal_support": true
      }
    },
    {
      "type": "Feature",
      "geometry": {
        "type": "Point",
        "coordinates": [
          118.5989128,
          -20.4133184
        ]
      },
      "properties": {
        "name": "Hedland Health Campus - Dialysis Unit",
        "state": "WA",
        "service": "Dialysis Unit - Public",
        "address": "2-34 Colebatch Way, SOUTH HEDLAND, WA, 6722",
        "phone": "0891741000",
        "website": "",
        "wheelchair": "",
        "parking": "",
        "source": "locations_info.json"
      }
    },
    {
      "type": "Feature",
      "geometry": {
        "type": "Point",
        "coordinates": [
          152.017432,
          -28.2237637
        ]
      },
      "properties": {
        "name": "Warwick Hospital Satellite Dialysis Unit",
        "state": "QLD",
        "service": "Dialysis Unit - Public",
        "address": "56 Locke Street, WARWICK, QLD, 4370",
        "phone": "0746603900",
        "website": "",
        "wheelchair": "",
        "parking": "",
        "source": "locations_info.json"
      }
    },
    {
      "type": "Feature",
      "geometry": {
        "type": "Point",
        "coordinates": [
          146.2601362,
          -20.0769637
        ]
      },
      "properties": {
        "name": "Charters Towers Satellite Dialysis Unit",
        "state": "QLD",
        "service": "Dialysis Unit - Public",
        "address": "135-139 Gill Street, CHARTERS TOWERS CITY, QLD, 4820",
        "phone": "0747870333",
        "website": "",
        "wheelchair": "",
        "parking": "",
        "source": "locations_info.json"
      }
    },
    {
      "type": "Feature",
      "geometry": {
        "type": "Point",
        "coordinates": [
          144.8156242,
          -37.7606234
        ]
      },
      "properties": {
        "name": "Sunshine Chronic Satellite Dialysis Unit",
        "state": "VIC",
        "service": "Dialysis Unit - Public",
        "address": "176-190 Furlong Road, ST ALBANS, VIC, 3021",
        "phone": "",
        "website": "",
        "wheelchair": "",
        "parking": "",
        "source": "locations_info.json"
      }
    },
    {
      "type": "Feature",
      "geometry": {
        "type": "Point",
        "coordinates": [
          150.3224223,
          -33.7057728
        ]
      },
      "properties": {
        "name": "Katoomba Community Dialysis Centre (KCDC)",
        "state": "NSW",
        "service": "Dialysis Unit - Public",
        "address": "Corner Woodlands Road and Great Western Highway, KATOOMBA, NSW, 2780",
        "phone": "0247846691",
        "website": "",
        "wheelchair": "",
        "parking": "",
        "source": "locations_info.json"
      }
    },
    {
      "type": "Feature",
      "geometry": {
        "type": "Point",
        "coordinates": [
          151.1914566,
          -33.8215624
        ]
      },
      "properties": {
        "name": "Royal North Shore Community Health Centre Dialysis Unit",
        "state": "NSW",
        "service": "Dialysis Unit - Public",
        "address": "Level 4, ST LEONARDS, NSW, 2065",
        "phone": "0294629400",
        "website": "",
        "wheelchair": "",
        "parking": "",
        "source": "locations_info.json",
        "category": "clinic",
        "home_dialysis_program": true,
        "aboriginal_support": true
      }
    },
    {
      "type": "Feature",
      "geometry": {
        "type": "Point",
        "coordinates": [
          151.0994082,
          -33.7080975
        ]
      },
      "properties": {
        "name": "Hornsby Dialysis Unit",
        "state": "NSW",
        "service": "Dialysis Unit - Public",
        "address": "Level 1, Building 60, HORNSBY, NSW, 2077",
        "phone": "0294856777",
        "website": "",
        "wheelchair": "",
        "parking": "",
        "source": "locations_info.json"
      }
    },
    {
      "type": "Feature",
      "geometry": {
        "type": "Point",
        "coordinates": [
          142.3871554,
          -10.892344
        ]
      },
      "properties": {
        "name": "Bamaga Satellite Dialysis Centre",
        "state": "QLD",
        "service": "Dialysis Unit - Public",
        "address": "Bamaga Hospital, BAMAGA, QLD, 4876",
        "phone": "0740693166",
        "website": "",
        "wheelchair": "",
        "parking": "",
        "source": "locations_info.json"
      }
    },
    {
      "type": "Feature",
      "geometry": {
        "type": "Point",
        "coordinates": [
          148.2397895,
          -20.007323
        ]
      },
      "properties": {
        "name": "Bowen Hospital Satellite Dialysis Unit",
        "state": "QLD",
        "service": "Dialysis Unit - Public",
        "address": "61 Gregory Street, BOWEN, QLD, 4805",
        "phone": "0747868222",
        "website": "",
        "wheelchair": "",
        "parking": "",
        "source": "locations_info.json"
      }
    },
    {
      "type": "Feature",
      "geometry": {
        "type": "Point",
        "coordinates": [
          152.8917252,
          -27.663597
        ]
      },
      "properties": {
        "name": "Brookwater Dialysis Clinic (Fresenius)",
        "state": "QLD",
        "service": "Dialysis Unit - Public",
        "address": "Level 1, Shop 11, BROOKWATER, QLD, 4300",
        "phone": "0731993224",
        "website": "",
        "wheelchair": "",
        "parking": "",
        "source": "locations_info.json"
      }
    },
    {
      "type": "Feature",
      "geometry": {
        "type": "Point",
        "coordinates": [
          153.0263687,
          -27.4840422
        ]
      },
      "properties": {
        "name": "Queensland Children's Paediatric Renal Unit",
        "state": "QLD",
        "service": "Dialysis Unit - Public",
        "address": "501 Stanley Street, SOUTH BRISBANE, QLD, 4101",
        "phone": "0730681111",
        "website": "https://www.childrens.health.qld.gov.au/services/kidney-services/kidney-services-queensland-childrens-hospital",
        "wheelchair": "",
        "parking": "",
        "source": "locations_info.json",
        "category": "clinic",
        "home_dialysis_program": true,
        "aboriginal_support": true
      }
    },
    {
      "type": "Feature",
      "geometry": {
        "type": "Point",
        "coordinates": [
          146.577989,
          -18.7328301
        ]
      },
      "properties": {
        "name": "Palm Island Satellite Dialysis Unit",
        "state": "QLD",
        "service": "Dialysis Unit - Public",
        "address": "1 Beach Road, PALM ISLAND, QLD, 4816",
        "phone": "0747525100",
        "website": "",
        "wheelchair": "",
        "parking": "",
        "source": "locations_info.json"
      }
    },
    {
      "type": "Feature",
      "geometry": {
        "type": "Point",
        "coordinates": [
          140.5275893,
          -20.7043316
        ]
      },
      "properties": {
        "name": "Cloncurry Hospital Renal Services",
        "state": "QLD",
        "service": "Dialysis Unit - Public",
        "address": "1 Musgrave Street, CLONCURRY, QLD, 4824",
        "phone": "0747424500",
        "website": "",
        "wheelchair": "",
        "parking": "",
        "source": "locations_info.json"
      }
    },
    {
      "type": "Feature",
      "geometry": {
        "type": "Point",
        "coordinates": [
          151.2620588,
          -27.182006
        ]
      },
      "properties": {
        "name": "Dalby Hospital Renal Unit",
        "state": "QLD",
        "service": "Dialysis Unit - Public",
        "address": "3 Hospital Road, DALBY, QLD, 4405",
        "phone": "0746690555",
        "website": "",
        "wheelchair": "",
        "parking": "",
        "source": "locations_info.json"
      }
    },
    {
      "type": "Feature",
      "geometry": {
        "type": "Point",
        "coordinates": [
          152.9982669,
          -27.2583713
        ]
      },
      "properties": {
        "name": "Kallangur Satellite Dialysis Unit",
        "state": "QLD",
        "service": "Dialysis Unit - Public",
        "address": "9 Stoker Way, KALLANGUR, QLD, 4503",
        "phone": "0732850000",
        "website": "",
        "wheelchair": "",
        "parking": "",
        "source": "locations_info.json"
      }
    }
  ]
}